timestamp,latitude,longitude,altitude_m,wind_speed_ms,wind_speed_kmh,wind_speed_knots,wind_direction_deg,wind_direction_cardinal,ground_speed_ms,ground_direction_deg,airspeed_ms,air_direction_deg,confidence
2025-07-18T16:44:40.453647Z,19.5949486,72.9773814,1293.0,2.62,9.43,5.09,193.0,SSW,43.14,10.2,40.53,10.0,high
2025-07-18T16:44:40.454441Z,19.5949486,72.9773814,1293.0,2.62,9.43,5.09,193.0,SSW,43.14,10.2,40.53,10.0,averaged
2025-07-18T16:44:40.685956Z,19.5950406,72.9773991,1293.3,2.62,9.43,5.09,192.8,SSW,43.15,10.2,40.54,10.0,high
2025-07-18T16:44:40.938815Z,19.5951348,72.9774170,1293.6,2.62,9.42,5.09,192.4,SSW,43.16,10.2,40.54,10.0,high
2025-07-18T16:44:41.199528Z,19.5952326,72.9774355,1293.9,2.62,9.43,5.09,192.4,SSW,43.17,10.2,40.55,10.0,high
2025-07-18T16:44:41.444094Z,19.5953263,72.9774532,1294.2,2.62,9.42,5.08,192.6,SSW,43.16,10.1,40.55,10.0,high
2025-07-18T16:44:41.701458Z,19.5954276,72.9774724,1294.6,2.62,9.44,5.10,192.7,SSW,43.16,10.1,40.54,9.9,high
2025-07-18T16:44:41.940663Z,19.5955200,72.9774899,1294.9,2.62,9.43,5.09,192.7,SSW,43.16,10.1,40.54,9.9,high
2025-07-18T16:44:42.197339Z,19.5956127,72.9775073,1295.2,2.62,9.41,5.08,192.7,SSW,43.14,10.1,40.53,9.9,high
2025-07-18T16:44:42.456516Z,19.5957133,72.9775262,1295.5,2.62,9.44,5.10,192.5,SSW,43.14,10.0,40.52,9.9,high
2025-07-18T16:44:42.693943Z,19.5958038,72.9775432,1295.8,2.62,9.43,5.09,192.2,SSW,43.14,10.0,40.52,9.9,high
2025-07-18T16:44:42.938989Z,19.5959046,72.9775619,1296.1,2.62,9.42,5.09,191.8,SSW,43.13,10.0,40.52,9.9,high
2025-07-18T16:44:43.192956Z,19.5959951,72.9775789,1296.4,2.62,9.42,5.09,191.8,SSW,43.14,10.0,40.53,9.9,high
2025-07-18T16:44:43.445486Z,19.5960891,72.9775964,1296.7,2.62,9.45,5.10,191.9,SSW,43.14,10.0,40.52,9.8,high
2025-07-18T16:44:43.715828Z,19.5961911,72.9776153,1297.1,2.62,9.45,5.10,192.1,SSW,43.14,9.9,40.52,9.8,high
2025-07-18T16:44:43.958285Z,19.5962837,72.9776327,1297.4,2.62,9.43,5.09,192.2,SSW,43.14,9.9,40.52,9.8,high
2025-07-18T16:44:44.196800Z,19.5963763,72.9776499,1297.7,2.63,9.46,5.11,192.1,SSW,43.14,9.9,40.52,9.8,high
2025-07-18T16:44:44.443246Z,19.5964776,72.9776686,1298.0,2.62,9.45,5.10,191.9,SSW,43.13,9.9,40.51,9.8,high
2025-07-18T16:44:44.702524Z,19.5965688,72.9776854,1298.3,2.62,9.44,5.10,191.9,SSW,43.12,9.9,40.50,9.8,high
2025-07-18T16:44:44.922389Z,19.5966619,72.9777027,1298.6,2.62,9.43,5.09,191.9,SSW,43.12,9.9,40.50,9.8,high
2025-07-18T16:44:45.231864Z,19.5967627,72.9777213,1298.9,2.63,9.47,5.11,192.0,SSW,43.14,9.9,40.51,9.7,high
2025-07-18T16:44:45.439161Z,19.5968530,72.9777380,1299.2,2.63,9.46,5.11,191.9,SSW,43.14,9.9,40.51,9.7,high
2025-07-18T16:44:45.702481Z,19.5969546,72.9777568,1299.5,2.63,9.48,5.12,192.1,SSW,43.15,9.9,40.52,9.7,high
2025-07-18T16:44:46.190427Z,19.5970491,72.9777742,1299.8,2.63,9.46,5.11,192.0,SSW,43.15,9.8,40.52,9.7,high
2025-07-18T16:44:46.448654Z,19.5972346,72.9778084,1300.4,2.62,9.45,5.10,192.1,SSW,43.15,9.8,40.52,9.7,high
2025-07-18T16:44:46.715834Z,19.5973360,72.9778271,1300.8,2.62,9.45,5.10,192.1,SSW,43.13,9.8,40.51,9.7,high
2025-07-18T16:44:46.944158Z,19.5974267,72.9778438,1301.1,2.63,9.48,5.12,192.1,SSW,43.13,9.8,40.50,9.7,high
2025-07-18T16:44:47.207026Z,19.5975274,72.9778623,1301.4,2.63,9.47,5.11,191.9,SSW,43.13,9.8,40.50,9.7,high
2025-07-18T16:44:47.441299Z,19.5976186,72.9778791,1301.7,2.63,9.45,5.10,191.9,SSW,43.13,9.8,40.51,9.7,high
2025-07-18T16:44:47.690361Z,19.5977122,72.9778963,1302.0,2.63,9.47,5.12,191.8,SSW,43.13,9.8,40.50,9.7,high
2025-07-18T16:44:47.962772Z,19.5978127,72.9779147,1302.3,2.64,9.49,5.12,192.0,SSW,43.13,9.8,40.50,9.7,high
2025-07-18T16:44:48.192423Z,19.5979036,72.9779315,1302.6,2.64,9.50,5.13,192.0,SSW,43.14,9.8,40.51,9.7,high
2025-07-18T16:44:48.458810Z,19.5980038,72.9779499,1303.0,2.64,9.49,5.13,192.0,SSW,43.14,9.8,40.51,9.7,high
2025-07-18T16:44:48.762734Z,19.5980947,72.9779666,1303.3,2.63,9.48,5.12,192.1,SSW,43.14,9.8,40.51,9.7,high
2025-07-18T16:44:49.017160Z,19.5981962,72.9779853,1303.6,2.64,9.50,5.13,192.2,SSW,43.14,9.8,40.51,9.7,high
2025-07-18T16:44:49.244401Z,19.5982888,72.9780023,1303.9,2.64,9.50,5.13,192.1,SSW,43.13,9.8,40.50,9.7,high
2025-07-18T16:44:49.472670Z,19.5983809,72.9780191,1304.2,2.64,9.50,5.13,191.7,SSW,43.13,9.8,40.49,9.7,high
2025-07-18T16:44:49.692649Z,19.5984759,72.9780366,1304.5,2.64,9.51,5.13,191.9,SSW,43.14,9.8,40.50,9.7,high
2025-07-18T16:44:49.949392Z,19.5985714,72.9780543,1304.8,2.63,9.48,5.12,192.0,SSW,43.14,9.8,40.51,9.7,high
2025-07-18T16:44:50.192999Z,19.5986671,72.9780719,1305.1,2.64,9.51,5.14,192.2,SSW,43.15,9.8,40.51,9.7,high
2025-07-18T16:44:50.438618Z,19.5987622,72.9780894,1305.4,2.65,9.53,5.15,192.5,SSW,43.16,9.8,40.52,9.7,high
2025-07-18T16:44:50.793810Z,19.5988574,72.9781069,1305.7,2.64,9.50,5.13,192.4,SSW,43.15,9.8,40.52,9.7,high
2025-07-18T16:44:51.198258Z,19.5990520,72.9781426,1306.4,2.64,9.50,5.13,192.4,SSW,43.14,9.8,40.51,9.7,high
2025-07-18T16:44:51.432185Z,19.5991447,72.9781596,1306.7,2.64,9.50,5.13,192.2,SSW,43.15,9.8,40.51,9.7,high
2025-07-18T16:44:51.689361Z,19.5992399,72.9781771,1307.0,2.64,9.50,5.13,191.6,SSW,43.15,9.8,40.51,9.7,high
2025-07-18T16:44:51.954892Z,19.5993425,72.9781960,1307.3,2.65,9.53,5.15,191.5,SSW,43.16,9.8,40.51,9.7,high
2025-07-18T16:44:52.210919Z,19.5994347,72.9782130,1307.6,2.65,9.53,5.14,192.0,SSW,43.15,9.8,40.51,9.7,high
2025-07-18T16:44:52.445729Z,19.5995272,72.9782300,1307.9,2.65,9.53,5.14,192.4,SSW,43.15,9.8,40.51,9.7,high
2025-07-18T16:44:52.693893Z,19.5996217,72.9782472,1308.2,2.65,9.53,5.15,192.6,SSW,43.15,9.8,40.51,9.7,high
2025-07-18T16:44:53.062375Z,19.5997205,72.9782654,1308.5,2.64,9.52,5.14,192.6,SSW,43.15,9.8,40.51,9.7,high
2025-07-18T16:44:53.389471Z,19.5998128,72.9782824,1308.8,2.65,9.54,5.15,192.2,SSW,43.16,9.8,40.52,9.7,high
2025-07-18T16:44:53.727864Z,19.6000084,72.9783185,1309.4,2.65,9.54,5.15,192.4,SSW,43.17,9.8,40.53,9.7,high
2025-07-18T16:44:53.976740Z,19.6001372,72.9783341,1311.0,2.66,9.57,5.16,192.4,SSW,43.18,9.8,40.53,9.7,high
2025-07-18T16:44:54.219968Z,19.6002346,72.9783520,1311.3,2.65,9.55,5.16,192.4,SSW,43.18,9.8,40.53,9.7,high
2025-07-18T16:44:54.496897Z,19.6003270,72.9783690,1311.6,2.65,9.55,5.15,191.8,SSW,43.17,9.8,40.52,9.7,high
2025-07-18T16:44:54.717426Z,19.6004288,72.9783877,1311.9,2.65,9.55,5.16,191.3,SSW,43.17,9.8,40.52,9.7,high
2025-07-18T16:44:54.963399Z,19.6005212,72.9784047,1312.2,2.65,9.54,5.15,191.4,SSW,43.17,9.8,40.52,9.7,high
2025-07-18T16:44:55.244658Z,19.6006218,72.9784234,1312.5,2.65,9.56,5.16,191.6,SSW,43.16,9.9,40.51,9.8,high
2025-07-18T16:44:55.446726Z,19.6007131,72.9784404,1312.8,2.65,9.54,5.15,192.0,SSW,43.15,9.9,40.51,9.8,high
2025-07-18T16:44:55.693808Z,19.6008061,72.9784578,1313.1,2.65,9.54,5.15,192.6,SSW,43.15,10.0,40.50,9.8,high
2025-07-18T16:44:55.957944Z,19.6009064,72.9784765,1313.5,2.66,9.56,5.16,192.6,SSW,43.16,10.0,40.51,9.8,high
2025-07-18T16:44:56.191639Z,19.6009989,72.9784939,1313.7,2.66,9.58,5.17,192.7,SSW,43.16,10.0,40.50,9.8,high
2025-07-18T16:44:56.426952Z,19.6010925,72.9785115,1314.0,2.66,9.57,5.17,192.9,SSW,43.15,10.0,40.50,9.8,high
2025-07-18T16:44:56.692152Z,19.6011924,72.9785304,1314.4,2.66,9.57,5.17,192.8,SSW,43.15,10.0,40.50,9.9,high
2025-07-18T16:44:56.931994Z,19.6012853,72.9785479,1314.7,2.65,9.56,5.16,192.8,SSW,43.15,10.1,40.50,9.9,high
2025-07-18T16:44:57.181956Z,19.6013770,72.9785651,1315.0,2.66,9.56,5.16,192.9,SSW,43.15,10.1,40.49,9.9,high
2025-07-18T16:44:57.446467Z,19.6014764,72.9785840,1315.3,2.66,9.58,5.18,192.9,SSW,43.15,10.1,40.49,9.9,high
2025-07-18T16:44:57.949642Z,19.6016701,72.9786204,1315.9,2.66,9.58,5.17,192.6,SSW,43.14,10.1,40.48,9.9,high
2025-07-18T16:44:58.191966Z,19.6017644,72.9786383,1316.2,2.66,9.59,5.18,192.3,SSW,43.14,10.1,40.48,9.9,high
2025-07-18T16:44:58.437747Z,19.6018574,72.9786558,1316.5,2.66,9.57,5.17,192.4,SSW,43.14,10.1,40.49,9.9,high
2025-07-18T16:44:58.680566Z,19.6019491,72.9786730,1316.8,2.66,9.58,5.17,192.4,SSW,43.14,10.1,40.48,9.9,high
2025-07-18T16:44:58.943488Z,19.6020495,72.9786919,1317.2,2.67,9.60,5.18,192.4,SSW,43.15,10.0,40.49,9.9,high
2025-07-18T16:44:59.189433Z,19.6021403,72.9787089,1317.4,2.66,9.59,5.18,192.5,SSW,43.15,10.0,40.49,9.9,high
2025-07-18T16:44:59.442651Z,19.6022401,72.9787276,1317.8,2.66,9.58,5.17,192.5,SSW,43.14,10.0,40.48,9.8,high
2025-07-18T16:44:59.706477Z,19.6023323,72.9787449,1318.1,2.67,9.60,5.18,192.5,SSW,43.14,10.0,40.47,9.8,high
2025-07-18T16:45:00.466940Z,19.6026040,72.9787956,1318.9,2.66,9.59,5.18,192.9,SSW,43.13,10.0,40.47,9.8,high
2025-07-18T16:45:00.890374Z,19.6027938,72.9788308,1319.5,2.65,9.56,5.16,192.2,SSW,43.14,9.9,40.48,9.8,high
2025-07-18T16:45:01.386040Z,19.6029859,72.9788664,1320.2,2.67,9.61,5.19,192.1,SSW,43.15,9.9,40.49,9.8,high
2025-07-18T16:45:01.764102Z,19.6030944,72.9788865,1320.5,2.67,9.61,5.19,191.9,SSW,43.15,9.9,40.48,9.8,high
2025-07-18T16:45:02.180961Z,19.6032887,72.9789225,1321.1,2.67,9.62,5.20,192.1,SSW,43.14,9.9,40.47,9.7,high
2025-07-18T16:45:02.432940Z,19.6033820,72.9789397,1321.4,2.67,9.63,5.20,192.2,SSW,43.15,9.9,40.48,9.7,high
2025-07-18T16:45:02.678135Z,19.6034796,72.9789577,1321.8,2.68,9.64,5.21,192.4,SSW,43.16,9.9,40.48,9.7,high
2025-07-18T16:45:02.925497Z,19.6035729,72.9789749,1322.1,2.68,9.64,5.20,192.3,SSW,43.16,9.9,40.48,9.7,high
2025-07-18T16:45:03.199045Z,19.6036712,72.9789931,1322.4,2.67,9.61,5.19,192.0,SSW,43.16,9.8,40.49,9.7,high
2025-07-18T16:45:03.438999Z,19.6037644,72.9790101,1322.7,2.68,9.65,5.21,191.8,SSW,43.17,9.8,40.49,9.7,high
2025-07-18T16:45:03.692127Z,19.6038681,72.9790292,1323.0,2.68,9.64,5.20,191.7,SSW,43.15,9.8,40.48,9.7,high
2025-07-18T16:45:03.989587Z,19.6039624,72.9790467,1323.3,2.67,9.63,5.20,192.1,SSW,43.15,9.8,40.47,9.7,high
2025-07-18T16:45:04.455093Z,19.6041448,72.9790802,1323.9,2.68,9.65,5.21,192.3,SSW,43.17,9.8,40.49,9.7,high
2025-07-18T16:45:04.676515Z,19.6042432,72.9790984,1324.2,2.68,9.64,5.21,192.3,SSW,43.16,9.8,40.49,9.7,high
2025-07-18T16:45:04.922864Z,19.6043360,72.9791154,1324.5,2.68,9.65,5.21,192.2,SSW,43.16,9.8,40.49,9.7,high
2025-07-18T16:45:05.175741Z,19.6044345,72.9791336,1324.8,2.68,9.65,5.21,192.0,SSW,43.16,9.8,40.49,9.7,high
2025-07-18T16:45:05.455889Z,19.6045275,72.9791506,1325.1,2.68,9.66,5.22,191.8,SSW,43.16,9.8,40.48,9.7,high
2025-07-18T16:45:05.678555Z,19.6046254,72.9791688,1325.4,2.68,9.67,5.22,192.0,SSW,43.16,9.8,40.48,9.7,high
2025-07-18T16:45:05.918207Z,19.6047197,72.9791860,1325.8,2.68,9.66,5.21,192.1,SSW,43.16,9.8,40.48,9.7,high
2025-07-18T16:45:06.189301Z,19.6048191,72.9792044,1326.1,2.68,9.64,5.21,192.3,SSW,43.16,9.8,40.49,9.7,high
2025-07-18T16:45:06.434444Z,19.6049121,72.9792215,1326.4,2.68,9.66,5.21,192.3,SSW,43.17,9.8,40.49,9.7,high
2025-07-18T16:45:06.944016Z,19.6051042,72.9792569,1327.0,2.68,9.65,5.21,192.4,SSW,43.17,9.8,40.50,9.7,high
2025-07-18T16:45:07.467760Z,19.6051973,72.9792740,1327.3,2.69,9.67,5.22,192.4,SSW,43.17,9.8,40.49,9.7,high
2025-07-18T16:45:07.710901Z,19.6053884,72.9793091,1327.9,2.68,9.66,5.21,192.2,SSW,43.16,9.8,40.48,9.7,high
2025-07-18T16:45:07.936396Z,19.6054876,72.9793273,1328.2,2.68,9.66,5.22,192.0,SSW,43.15,9.8,40.47,9.7,high
2025-07-18T16:45:08.179066Z,19.6055810,72.9793445,1328.5,2.69,9.69,5.23,191.8,SSW,43.16,9.8,40.47,9.7,high
2025-07-18T16:45:08.426496Z,19.6056739,72.9793615,1328.8,2.69,9.67,5.22,191.9,SSW,43.15,9.8,40.47,9.7,high
2025-07-18T16:45:08.688034Z,19.6057725,72.9793798,1329.2,2.69,9.69,5.23,192.3,SSW,43.16,9.8,40.47,9.7,high
2025-07-18T16:45:08.936720Z,19.6058664,72.9793969,1329.5,2.69,9.67,5.22,192.4,SSW,43.15,9.8,40.47,9.7,high
2025-07-18T16:45:09.355309Z,19.6059646,72.9794151,1329.8,2.69,9.70,5.24,192.5,SSW,43.15,9.8,40.46,9.7,high
2025-07-18T16:45:09.695478Z,19.6061525,72.9794497,1330.4,2.69,9.69,5.23,192.2,SSW,43.15,9.8,40.46,9.7,high
2025-07-18T16:45:09.960496Z,19.6062509,72.9794678,1330.7,2.69,9.68,5.23,192.2,SSW,43.14,9.8,40.46,9.7,high
2025-07-18T16:45:10.195378Z,19.6063419,72.9794845,1331.0,2.69,9.67,5.22,192.2,SSW,43.13,9.8,40.45,9.7,high
2025-07-18T16:45:10.436333Z,19.6064388,72.9795022,1331.3,2.69,9.69,5.23,192.3,SSW,43.12,9.8,40.43,9.7,high
2025-07-18T16:45:10.674860Z,19.6065371,72.9795204,1331.7,2.69,9.68,5.23,192.3,SSW,43.13,9.8,40.45,9.7,high
2025-07-18T16:45:10.921719Z,19.6066295,72.9795374,1332.0,2.69,9.69,5.23,192.3,SSW,43.13,9.8,40.44,9.7,high
2025-07-18T16:45:11.181257Z,19.6067283,72.9795556,1332.3,2.70,9.71,5.24,192.2,SSW,43.14,9.8,40.45,9.7,high
2025-07-18T16:45:11.448413Z,19.6068630,72.9795761,1333.9,2.70,9.72,5.25,191.8,SSW,43.14,9.8,40.45,9.7,high
2025-07-18T16:45:11.688714Z,19.6069557,72.9795931,1334.2,2.69,9.70,5.24,191.5,SSW,43.14,9.8,40.45,9.7,high
2025-07-18T16:45:11.946536Z,19.6070492,72.9796102,1334.5,2.69,9.69,5.23,191.5,SSW,43.14,9.8,40.45,9.7,high
2025-07-18T16:45:12.168886Z,19.6071430,72.9796276,1334.8,2.70,9.71,5.24,191.5,SSW,43.14,9.8,40.45,9.7,high
2025-07-18T16:45:12.542424Z,19.6072421,72.9796459,1335.1,2.70,9.71,5.24,191.8,SSW,43.14,9.9,40.44,9.7,high
2025-07-18T16:45:12.785000Z,19.6073442,72.9796648,1335.4,2.70,9.72,5.25,192.0,SSW,43.14,9.9,40.44,9.7,high
2025-07-18T16:45:13.122706Z,19.6074351,72.9796817,1335.7,2.70,9.72,5.25,192.0,SSW,43.15,9.9,40.45,9.7,high
2025-07-18T16:45:13.403581Z,19.6076208,72.9797162,1336.3,2.70,9.74,5.26,192.4,SSW,43.15,9.9,40.44,9.8,high
2025-07-18T16:45:13.640853Z,19.6077145,72.9797336,1336.6,2.70,9.72,5.25,192.3,SSW,43.15,9.9,40.45,9.8,high
2025-07-18T16:45:13.893097Z,19.6078129,72.9797519,1336.9,2.71,9.75,5.26,192.2,SSW,43.16,10.0,40.45,9.8,high
2025-07-18T16:45:14.139211Z,19.6079054,72.9797693,1337.2,2.71,9.74,5.26,192.2,SSW,43.16,10.0,40.46,9.8,high
2025-07-18T16:45:14.408634Z,19.6080091,72.9797887,1337.5,2.70,9.72,5.25,192.1,SSW,43.15,10.0,40.45,9.8,high
2025-07-18T16:45:14.637877Z,19.6081011,72.9798058,1337.8,2.71,9.75,5.27,192.3,SSW,43.15,10.0,40.45,9.8,high
2025-07-18T16:45:14.900111Z,19.6081936,72.9798230,1338.1,2.71,9.74,5.26,192.3,SSW,43.14,10.0,40.44,9.8,high
2025-07-18T16:45:15.162569Z,19.6082957,72.9798421,1338.5,2.71,9.75,5.26,192.2,SSW,43.15,10.0,40.45,9.8,high
2025-07-18T16:45:15.401781Z,19.6083839,72.9798587,1338.7,2.71,9.76,5.27,192.2,SSW,43.16,10.0,40.46,9.8,high
2025-07-18T16:45:15.705441Z,19.6084820,72.9798770,1339.1,2.71,9.75,5.27,192.3,SSW,43.16,10.0,40.46,9.8,high
2025-07-18T16:45:16.160196Z,19.6086736,72.9799127,1339.7,2.71,9.76,5.27,192.4,SSW,43.17,10.0,40.46,9.8,high
2025-07-18T16:45:16.414261Z,19.6087722,72.9799311,1340.0,2.71,9.74,5.26,192.4,SSW,43.16,10.0,40.46,9.8,high
2025-07-18T16:45:16.653000Z,19.6088649,72.9799484,1340.3,2.71,9.76,5.27,192.3,SSW,43.16,9.9,40.45,9.8,high
2025-07-18T16:45:17.045210Z,19.6089576,72.9799656,1340.6,2.71,9.77,5.27,192.5,SSW,43.17,9.9,40.46,9.8,high
2025-07-18T16:45:17.394913Z,19.6091488,72.9800011,1341.2,2.72,9.78,5.28,192.3,SSW,43.17,9.9,40.46,9.7,high
2025-07-18T16:45:17.640386Z,19.6092443,72.9800188,1341.5,2.71,9.77,5.28,192.3,SSW,43.17,9.9,40.46,9.7,high
2025-07-18T16:45:17.882554Z,19.6093375,72.9800360,1341.8,2.72,9.77,5.28,192.0,SSW,43.17,9.9,40.46,9.7,high
2025-07-18T16:45:18.154886Z,19.6094372,72.9800545,1342.1,2.72,9.78,5.28,192.0,SSW,43.17,9.9,40.46,9.7,high
2025-07-18T16:45:18.409458Z,19.6095351,72.9800726,1342.4,2.72,9.78,5.28,191.9,SSW,43.17,9.9,40.46,9.7,high
2025-07-18T16:45:18.657139Z,19.6096334,72.9800906,1342.7,2.71,9.77,5.28,192.0,SSW,43.17,9.9,40.46,9.7,high
2025-07-18T16:45:18.909266Z,19.6097210,72.9801069,1343.0,2.72,9.79,5.29,192.0,SSW,43.18,9.9,40.46,9.7,high
2025-07-18T16:45:19.165334Z,19.6098158,72.9801243,1343.3,2.72,9.77,5.28,192.1,SSW,43.18,9.9,40.47,9.7,high
2025-07-18T16:45:19.411767Z,19.6099137,72.9801425,1343.6,2.72,9.79,5.29,191.8,SSW,43.19,9.9,40.47,9.7,high
2025-07-18T16:45:19.851580Z,19.6100071,72.9801597,1343.9,2.72,9.78,5.28,191.8,SSW,43.19,9.9,40.47,9.7,high
2025-07-18T16:45:20.144654Z,19.6102032,72.9801957,1344.5,2.72,9.78,5.28,192.1,SSW,43.18,9.9,40.46,9.7,high
2025-07-18T16:45:20.391130Z,19.6102937,72.9802124,1344.8,2.72,9.80,5.29,192.1,SSW,43.19,9.9,40.47,9.7,high
2025-07-18T16:45:20.658150Z,19.6103980,72.9802318,1345.1,2.72,9.80,5.29,192.1,SSW,43.18,9.8,40.46,9.7,high
2025-07-18T16:45:20.887971Z,19.6104864,72.9802481,1345.4,2.72,9.81,5.30,192.3,SSW,43.18,9.8,40.45,9.7,high
2025-07-18T16:45:21.173797Z,19.6105896,72.9802670,1345.8,2.72,9.79,5.29,192.4,SSW,43.17,9.8,40.45,9.7,high
2025-07-18T16:45:21.400297Z,19.6106768,72.9802831,1346.0,2.73,9.82,5.30,192.2,SSW,43.17,9.8,40.45,9.7,high
2025-07-18T16:45:21.642006Z,19.6107756,72.9803012,1346.4,2.73,9.82,5.30,192.0,SSW,43.17,9.8,40.45,9.7,high
2025-07-18T16:45:21.925251Z,19.6108732,72.9803192,1346.7,2.72,9.81,5.29,191.6,SSW,43.16,9.8,40.44,9.7,high
2025-07-18T16:45:22.148981Z,19.6109619,72.9803355,1347.0,2.72,9.81,5.30,191.6,SSW,43.16,9.8,40.44,9.7,high
2025-07-18T16:45:22.389878Z,19.6110605,72.9803537,1347.3,2.73,9.81,5.30,192.0,SSW,43.16,9.8,40.44,9.7,high
2025-07-18T16:45:22.623875Z,19.6111532,72.9803708,1347.6,2.72,9.80,5.29,192.2,SSW,43.15,9.8,40.44,9.7,high
2025-07-18T16:45:22.894919Z,19.6112514,72.9803888,1347.9,2.73,9.83,5.31,192.4,SSW,43.15,9.8,40.43,9.7,high
2025-07-18T16:45:23.132123Z,19.6113437,72.9804058,1348.2,2.72,9.80,5.29,192.3,SSW,43.13,9.8,40.41,9.7,high
2025-07-18T16:45:23.382102Z,19.6114411,72.9804237,1348.5,2.72,9.80,5.29,192.3,SSW,43.14,9.8,40.42,9.7,high
2025-07-18T16:45:23.808482Z,19.6115442,72.9804427,1348.9,2.73,9.83,5.31,192.2,SSW,43.15,9.8,40.42,9.7,high
2025-07-18T16:45:24.131637Z,19.6117290,72.9804766,1349.4,2.73,9.82,5.30,191.9,SSW,43.15,9.8,40.43,9.7,high
2025-07-18T16:45:24.401035Z,19.6118272,72.9804947,1349.7,2.73,9.83,5.31,191.8,SSW,43.16,9.8,40.43,9.7,high
2025-07-18T16:45:24.638935Z,19.6119190,72.9805116,1350.0,2.73,9.82,5.30,191.9,SSW,43.16,9.8,40.44,9.7,high
2025-07-18T16:45:24.888461Z,19.6120159,72.9805294,1350.4,2.73,9.84,5.31,192.3,SSW,43.16,9.8,40.43,9.7,high
2025-07-18T16:45:25.148145Z,19.6121139,72.9805473,1350.7,2.74,9.85,5.32,192.4,SSW,43.15,9.8,40.42,9.7,high
2025-07-18T16:45:25.382633Z,19.6122065,72.9805645,1351.0,2.73,9.82,5.30,192.2,SSW,43.14,9.8,40.42,9.7,high
2025-07-18T16:45:25.646550Z,19.6123084,72.9805832,1351.3,2.74,9.85,5.32,192.2,SSW,43.15,9.8,40.42,9.7,high
2025-07-18T16:45:25.882822Z,19.6123953,72.9805992,1351.6,2.73,9.84,5.32,192.1,SSW,43.15,9.8,40.42,9.7,high
2025-07-18T16:45:26.160606Z,19.6124939,72.9806172,1351.9,2.73,9.84,5.31,192.2,SSW,43.14,9.8,40.41,9.7,high
2025-07-18T16:45:26.467019Z,19.6125872,72.9806344,1352.2,2.73,9.83,5.31,192.2,SSW,43.14,9.8,40.42,9.7,high
2025-07-18T16:45:26.875080Z,19.6127766,72.9806693,1352.8,2.73,9.84,5.31,192.2,SSW,43.15,9.8,40.42,9.7,high
2025-07-18T16:45:27.141889Z,19.6128733,72.9806871,1353.1,2.73,9.84,5.31,192.2,SSW,43.15,9.8,40.42,9.7,high
2025-07-18T16:45:27.481052Z,19.6129703,72.9807048,1353.4,2.74,9.87,5.33,192.0,SSW,43.15,9.8,40.41,9.7,high
2025-07-18T16:45:27.693616Z,19.6130721,72.9807237,1353.7,2.74,9.86,5.32,191.8,SSW,43.14,9.8,40.41,9.7,high
2025-07-18T16:45:27.908028Z,19.6131639,72.9807405,1354.0,2.73,9.84,5.31,191.8,SSW,43.14,9.8,40.41,9.7,high
2025-07-18T16:45:28.297194Z,19.6132621,72.9807586,1354.4,2.74,9.86,5.32,192.1,SSW,43.15,9.8,40.42,9.7,high
2025-07-18T16:45:28.715748Z,19.6134476,72.9807928,1354.9,2.74,9.87,5.33,192.3,SSW,43.16,9.8,40.42,9.7,high
2025-07-18T16:45:29.025309Z,19.6135402,72.9808098,1355.2,2.75,9.89,5.34,192.2,SSW,43.17,9.8,40.43,9.7,high
2025-07-18T16:45:29.382005Z,19.6137707,72.9808403,1357.2,2.74,9.86,5.33,192.3,SSW,43.15,9.8,40.42,9.7,high
2025-07-18T16:45:29.640534Z,19.6138632,72.9808573,1357.5,2.74,9.88,5.33,192.1,SSW,43.16,9.8,40.42,9.7,high
2025-07-18T16:45:29.898007Z,19.6139592,72.9808750,1357.8,2.74,9.88,5.34,191.6,SSW,43.17,9.8,40.43,9.7,high
2025-07-18T16:45:30.128680Z,19.6140561,72.9808927,1358.1,2.75,9.89,5.34,191.5,SSW,43.18,9.8,40.43,9.7,high
2025-07-18T16:45:30.398958Z,19.6141571,72.9809116,1358.4,2.75,9.90,5.34,191.5,SSW,43.18,9.9,40.43,9.8,high
2025-07-18T16:45:30.643549Z,19.6142453,72.9809279,1358.7,2.75,9.90,5.34,191.6,SSW,43.17,9.9,40.43,9.8,high
2025-07-18T16:45:30.883223Z,19.6143435,72.9809463,1359.0,2.75,9.89,5.34,191.8,SSW,43.17,10.0,40.43,9.8,high
2025-07-18T16:45:31.151476Z,19.6144402,72.9809645,1359.3,2.74,9.88,5.34,192.2,SSW,43.17,10.0,40.42,9.9,high
2025-07-18T16:45:31.379803Z,19.6145328,72.9809820,1359.6,2.75,9.90,5.34,192.5,SSW,43.17,10.1,40.43,9.9,high
2025-07-18T16:45:31.629566Z,19.6146298,72.9810004,1359.9,2.75,9.90,5.35,192.9,SSW,43.18,10.1,40.43,9.9,high
2025-07-18T16:45:31.911783Z,19.6147317,72.9810198,1360.3,2.75,9.89,5.34,192.8,SSW,43.18,10.1,40.44,10.0,high
2025-07-18T16:45:32.148032Z,19.6148250,72.9810375,1360.6,2.76,9.92,5.36,192.6,SSW,43.20,10.2,40.44,10.0,high
2025-07-18T16:45:32.407374Z,19.6149174,72.9810552,1360.9,2.76,9.93,5.36,192.7,SSW,43.20,10.2,40.45,10.0,high
2025-07-18T16:45:32.657214Z,19.6150147,72.9810737,1361.2,2.75,9.91,5.35,192.7,SSW,43.19,10.2,40.44,10.0,high
2025-07-18T16:45:32.882767Z,19.6151075,72.9810916,1361.4,2.76,9.92,5.36,192.8,SSW,43.18,10.2,40.43,10.0,high
2025-07-18T16:45:33.138921Z,19.6152053,72.9811103,1361.8,2.75,9.92,5.35,192.9,SSW,43.18,10.2,40.43,10.0,high
2025-07-18T16:45:33.390113Z,19.6152968,72.9811278,1362.0,2.75,9.91,5.35,192.9,SSW,43.17,10.2,40.42,10.0,high
2025-07-18T16:45:33.636497Z,19.6153932,72.9811462,1362.3,2.76,9.92,5.36,192.8,SSW,43.17,10.2,40.42,10.0,high
2025-07-18T16:45:33.891393Z,19.6154902,72.9811646,1362.7,2.76,9.92,5.36,192.6,SSW,43.17,10.2,40.42,10.0,high
2025-07-18T16:45:34.132398Z,19.6155829,72.9811823,1363.0,2.75,9.91,5.35,192.2,SSW,43.17,10.2,40.42,10.0,high
2025-07-18T16:45:34.392222Z,19.6156805,72.9812008,1363.3,2.76,9.92,5.36,192.2,SSW,43.17,10.1,40.42,10.0,high
2025-07-18T16:45:34.617884Z,19.6157727,72.9812183,1363.6,2.76,9.92,5.36,192.5,SSW,43.16,10.1,40.41,10.0,high
2025-07-18T16:45:34.902905Z,19.6158747,72.9812374,1363.9,2.75,9.92,5.35,192.5,SSW,43.16,10.1,40.41,9.9,high
2025-07-18T16:45:35.143270Z,19.6159662,72.9812548,1364.2,2.76,9.93,5.36,192.4,SSW,43.17,10.1,40.41,9.9,high
2025-07-18T16:45:35.388486Z,19.6160632,72.9812730,1364.5,2.76,9.94,5.36,192.6,SSW,43.16,10.1,40.41,9.9,high
2025-07-18T16:45:35.623768Z,19.6161559,72.9812903,1364.8,2.76,9.92,5.36,192.5,SSW,43.15,10.0,40.40,9.9,high
2025-07-18T16:45:35.884259Z,19.6162526,72.9813085,1365.1,2.76,9.95,5.37,192.1,SSW,43.15,10.0,40.39,9.9,high
2025-07-18T16:45:36.136382Z,19.6163453,72.9813257,1365.4,2.76,9.94,5.37,191.8,SSW,43.15,10.0,40.39,9.9,high
2025-07-18T16:45:36.385596Z,19.6164424,72.9813439,1365.7,2.76,9.95,5.37,191.7,SSW,43.16,10.0,40.40,9.8,high
2025-07-18T16:45:36.651650Z,19.6165458,72.9813631,1366.0,2.76,9.94,5.37,191.8,SSW,43.16,10.0,40.40,9.8,high
2025-07-18T16:45:36.885767Z,19.6166329,72.9813794,1366.3,2.76,9.95,5.37,191.8,SSW,43.17,9.9,40.40,9.8,high
2025-07-18T16:45:37.139974Z,19.6167299,72.9813975,1366.6,2.76,9.94,5.37,192.2,SSW,43.17,9.9,40.41,9.8,high
2025-07-18T16:45:37.394056Z,19.6168269,72.9814155,1366.9,2.77,9.97,5.38,192.2,SSW,43.18,9.9,40.41,9.8,high
2025-07-18T16:45:37.628401Z,19.6169197,72.9814327,1367.2,2.76,9.94,5.37,192.1,SSW,43.16,9.9,40.41,9.8,high
2025-07-18T16:45:37.886154Z,19.6170170,72.9814507,1367.5,2.77,9.97,5.38,191.9,SSW,43.16,9.9,40.40,9.8,high
2025-07-18T16:45:38.426040Z,19.6172234,72.9814889,1368.2,2.76,9.92,5.36,191.9,SSW,43.15,9.9,40.40,9.7,high
2025-07-18T16:45:38.933234Z,19.6174179,72.9815248,1368.8,2.77,9.98,5.39,192.1,SSW,43.16,9.9,40.39,9.7,high
2025-07-18T16:45:39.422881Z,19.6176079,72.9815598,1369.4,2.76,9.94,5.37,192.1,SSW,43.16,9.9,40.40,9.7,high
2025-07-18T16:45:39.944004Z,19.6178010,72.9815954,1370.0,2.77,9.98,5.39,192.0,SSW,43.17,9.8,40.40,9.7,high
2025-07-18T16:45:40.449743Z,19.6179876,72.9816297,1370.6,2.78,10.00,5.40,191.9,SSW,43.16,9.8,40.39,9.7,high
2025-07-18T16:45:40.939435Z,19.6181831,72.9816656,1371.2,2.77,9.96,5.38,192.2,SSW,43.16,9.8,40.40,9.7,high
2025-07-18T16:45:40.940718Z,19.6181831,72.9816656,1371.2,2.69,9.69,5.23,192.2,SSW,43.16,9.8,40.47,9.7,averaged
2025-07-18T16:45:41.422548Z,19.6183719,72.9817003,1371.8,2.77,9.97,5.38,191.6,SSW,43.17,9.8,40.41,9.7,high
2025-07-18T16:45:41.936973Z,19.6185667,72.9817362,1372.4,2.79,10.05,5.43,191.8,SSW,43.18,9.8,40.39,9.7,high
2025-07-18T16:45:42.435916Z,19.6187523,72.9817704,1373.0,2.76,9.94,5.37,192.1,SSW,43.16,9.8,40.40,9.7,high
2025-07-18T16:45:42.941700Z,19.6189474,72.9818062,1373.7,2.78,10.02,5.41,192.1,SSW,43.18,9.8,40.40,9.7,high
2025-07-18T16:45:43.421608Z,19.6191359,72.9818409,1374.3,2.79,10.04,5.42,191.6,SSW,43.18,9.8,40.39,9.7,high
2025-07-18T16:45:43.922584Z,19.6193272,72.9818760,1374.9,2.78,10.01,5.41,192.0,SSW,43.17,9.8,40.39,9.7,high
2025-07-18T16:45:44.429118Z,19.6195175,72.9819110,1375.5,2.77,9.98,5.39,192.4,SSW,43.17,9.8,40.40,9.7,high
2025-07-18T16:45:44.959330Z,19.6197169,72.9819476,1376.1,2.78,10.00,5.40,192.0,SSW,43.19,9.8,40.42,9.7,high
2025-07-18T16:45:45.444263Z,19.6199007,72.9819814,1376.6,2.79,10.05,5.42,191.6,SSW,43.20,9.8,40.41,9.7,high
2025-07-18T16:45:45.943464Z,19.6200942,72.9820170,1377.3,2.79,10.05,5.43,192.0,SSW,43.19,9.8,40.40,9.7,high
2025-07-18T16:45:46.439201Z,19.6203212,72.9820556,1379.3,2.79,10.06,5.43,192.3,SSW,43.18,9.8,40.39,9.7,high
2025-07-18T16:45:46.666702Z,19.6203939,72.9820689,1379.6,2.78,10.03,5.41,192.3,SSW,43.17,9.8,40.39,9.7,high
2025-07-18T16:45:46.902231Z,19.6204920,72.9820869,1379.9,2.79,10.03,5.42,192.1,SSW,43.17,9.8,40.39,9.7,high
2025-07-18T16:45:47.146103Z,19.6205903,72.9821051,1380.2,2.79,10.05,5.43,192.1,SSW,43.18,9.8,40.39,9.7,high
2025-07-18T16:45:47.388259Z,19.6206827,72.9821219,1380.5,2.79,10.03,5.42,191.7,SSW,43.17,9.8,40.39,9.7,high
2025-07-18T16:45:47.656036Z,19.6207849,72.9821408,1380.8,2.79,10.04,5.42,191.7,SSW,43.17,9.8,40.39,9.7,high
2025-07-18T16:45:47.880522Z,19.6208715,72.9821568,1381.1,2.79,10.04,5.42,191.8,SSW,43.18,9.8,40.39,9.7,high
2025-07-18T16:45:48.130594Z,19.6209688,72.9821748,1381.4,2.79,10.04,5.42,191.8,SSW,43.18,9.9,40.39,9.7,high
2025-07-18T16:45:48.411064Z,19.6210724,72.9821939,1381.7,2.79,10.04,5.42,192.0,SSW,43.17,9.9,40.38,9.7,high
2025-07-18T16:45:48.637430Z,19.6211607,72.9822102,1382.0,2.79,10.06,5.43,192.4,SSW,43.16,9.9,40.37,9.7,high
2025-07-18T16:45:48.893922Z,19.6212589,72.9822286,1382.3,2.79,10.06,5.43,192.2,SSW,43.16,9.9,40.37,9.7,high
2025-07-18T16:45:49.162325Z,19.6213566,72.9822466,1382.6,2.80,10.07,5.44,192.1,SSW,43.17,9.9,40.38,9.8,high
2025-07-18T16:45:49.398211Z,19.6214495,72.9822640,1382.9,2.80,10.09,5.45,192.1,SSW,43.18,9.9,40.38,9.8,high
2025-07-18T16:45:49.641705Z,19.6215416,72.9822811,1383.2,2.80,10.07,5.44,192.1,SSW,43.18,9.9,40.38,9.8,high
2025-07-18T16:45:49.880977Z,19.6216367,72.9822988,1383.5,2.80,10.07,5.44,192.1,SSW,43.18,9.9,40.38,9.8,high
2025-07-18T16:45:50.147850Z,19.6217343,72.9823170,1383.8,2.80,10.09,5.45,192.0,SSW,43.19,9.9,40.39,9.8,high
2025-07-18T16:45:50.390144Z,19.6218319,72.9823352,1384.1,2.79,10.06,5.43,192.1,SSW,43.18,9.9,40.39,9.8,high
2025-07-18T16:45:50.638026Z,19.6219249,72.9823524,1384.4,2.80,10.07,5.44,192.2,SSW,43.17,9.9,40.37,9.8,high
2025-07-18T16:45:50.875266Z,19.6220177,72.9823696,1384.7,2.80,10.09,5.45,192.2,SSW,43.17,9.9,40.37,9.8,high
2025-07-18T16:45:51.131260Z,19.6221150,72.9823878,1385.0,2.80,10.09,5.45,192.3,SSW,43.17,9.9,40.37,9.8,high
2025-07-18T16:45:51.396605Z,19.6222128,72.9824060,1385.3,2.80,10.10,5.45,192.2,SSW,43.18,9.9,40.37,9.8,high
2025-07-18T16:45:51.628271Z,19.6223055,72.9824232,1385.6,2.80,10.08,5.44,192.3,SSW,43.17,9.9,40.37,9.8,high
2025-07-18T16:45:51.883141Z,19.6224038,72.9824414,1385.9,2.80,10.08,5.44,192.2,SSW,43.16,9.9,40.37,9.8,high
2025-07-18T16:45:52.171124Z,19.6225016,72.9824596,1386.2,2.80,10.08,5.44,192.2,SSW,43.17,9.9,40.38,9.7,high
2025-07-18T16:45:52.390062Z,19.6225944,72.9824768,1386.5,2.81,10.11,5.46,192.3,SSW,43.18,9.9,40.38,9.7,high
2025-07-18T16:45:52.634368Z,19.6226877,72.9824941,1386.8,2.80,10.09,5.45,192.2,SSW,43.18,9.9,40.38,9.7,high
2025-07-18T16:45:52.908266Z,19.6227908,72.9825132,1387.1,2.81,10.11,5.46,192.3,SSW,43.18,9.9,40.38,9.7,high
2025-07-18T16:45:53.151338Z,19.6228828,72.9825302,1387.4,2.81,10.11,5.46,192.2,SSW,43.17,9.9,40.37,9.7,high
2025-07-18T16:45:53.386802Z,19.6229758,72.9825474,1387.7,2.80,10.09,5.45,192.3,SSW,43.16,9.9,40.36,9.7,high
2025-07-18T16:45:53.626664Z,19.6230685,72.9825645,1388.0,2.80,10.09,5.45,192.2,SSW,43.17,9.9,40.37,9.7,high
2025-07-18T16:45:53.893482Z,19.6231655,72.9825824,1388.3,2.81,10.11,5.46,192.2,SSW,43.18,9.9,40.37,9.7,high
2025-07-18T16:45:54.154055Z,19.6232678,72.9826013,1388.6,2.80,10.10,5.45,192.1,SSW,43.18,9.9,40.37,9.7,high
2025-07-18T16:45:54.385844Z,19.6233561,72.9826176,1388.9,2.81,10.11,5.46,192.1,SSW,43.19,9.9,40.38,9.7,high
2025-07-18T16:45:54.658103Z,19.6234604,72.9826368,1389.2,2.81,10.12,5.46,191.8,SSW,43.19,9.8,40.38,9.7,high
2025-07-18T16:45:54.893484Z,19.6235478,72.9826528,1389.5,2.81,10.12,5.46,191.8,SSW,43.18,9.8,40.37,9.7,high
2025-07-18T16:45:55.132863Z,19.6236447,72.9826707,1389.8,2.81,10.11,5.46,191.8,SSW,43.18,9.8,40.37,9.7,high
2025-07-18T16:45:55.389469Z,19.6237426,72.9826887,1390.1,2.81,10.11,5.46,191.8,SSW,43.19,9.8,40.38,9.7,high
2025-07-18T16:45:55.637505Z,19.6238356,72.9827059,1390.4,2.81,10.12,5.46,192.0,SSW,43.19,9.8,40.38,9.7,high
2025-07-18T16:45:55.881133Z,19.6239287,72.9827231,1390.7,2.82,10.15,5.48,192.1,SSW,43.20,9.8,40.38,9.7,high
2025-07-18T16:45:56.158594Z,19.6240316,72.9827421,1391.0,2.82,10.14,5.47,192.3,SSW,43.19,9.8,40.37,9.7,high
2025-07-18T16:45:56.374815Z,19.6241201,72.9827583,1391.3,2.82,10.14,5.47,192.3,SSW,43.19,9.8,40.37,9.7,high
2025-07-18T16:45:56.641302Z,19.6242192,72.9827765,1391.6,2.82,10.14,5.47,192.1,SSW,43.18,9.8,40.37,9.7,high
2025-07-18T16:45:56.917749Z,19.6243166,72.9827945,1391.9,2.81,10.13,5.47,191.9,SSW,43.18,9.8,40.37,9.7,high
2025-07-18T16:45:57.150433Z,19.6244093,72.9828115,1392.2,2.82,10.16,5.48,191.8,SSW,43.19,9.8,40.37,9.7,high
2025-07-18T16:45:57.413767Z,19.6245077,72.9828296,1392.5,2.82,10.14,5.47,191.8,SSW,43.19,9.8,40.38,9.7,high
2025-07-18T16:45:57.639254Z,19.6246005,72.9828467,1392.8,2.82,10.15,5.48,191.9,SSW,43.20,9.8,40.39,9.7,high
2025-07-18T16:45:57.878342Z,19.6246936,72.9828639,1393.1,2.82,10.15,5.48,192.2,SSW,43.20,9.8,40.39,9.7,high
2025-07-18T16:45:58.217292Z,19.6248094,72.9828854,1393.5,2.86,10.28,5.55,198.5,SSW,43.21,9.8,40.39,9.2,high
2025-07-18T16:45:58.613453Z,19.6249803,72.9829175,1394.4,2.66,9.57,5.17,337.6,NNW,42.83,10.1,45.10,8.3,high
2025-07-18T16:45:58.867936Z,19.6250756,72.9829350,1395.0,2.56,9.21,4.98,343.2,NNW,42.56,9.9,44.87,8.4,high
2025-07-18T16:45:59.126253Z,19.6251724,72.9829527,1395.6,2.49,8.96,4.84,348.2,NNW,42.30,9.8,44.62,8.6,high
2025-07-18T16:45:59.423952Z,19.6252627,72.9829694,1396.2,2.50,9.02,4.87,348.7,NNW,42.05,9.8,44.40,8.6,high
2025-07-18T16:45:59.628061Z,19.6253571,72.9829867,1396.8,2.53,9.10,4.92,347.9,NNW,41.84,9.8,44.20,8.6,high
2025-07-18T16:45:59.865033Z,19.6254460,72.9830030,1397.4,2.56,9.20,4.97,347.3,NNW,41.64,9.8,44.01,8.5,high
2025-07-18T16:46:00.119077Z,19.6255389,72.9830200,1398.0,2.57,9.25,4.99,347.1,NNW,41.44,9.8,43.82,8.5,high
2025-07-18T16:46:00.407978Z,19.6256286,72.9830364,1398.6,2.58,9.29,5.02,347.3,NNW,41.25,9.8,43.64,8.5,high
2025-07-18T16:46:00.655321Z,19.6257214,72.9830534,1399.2,2.58,9.29,5.01,347.4,NNW,41.09,9.8,43.48,8.5,high
2025-07-18T16:46:00.878135Z,19.6258133,72.9830702,1399.7,2.58,9.29,5.02,347.6,NNW,40.92,9.8,43.33,8.5,high
2025-07-18T16:46:01.139278Z,19.6259002,72.9830862,1400.3,2.59,9.32,5.03,347.7,NNW,40.75,9.8,43.16,8.5,high
2025-07-18T16:46:01.394338Z,19.6259875,72.9831021,1400.8,2.60,9.36,5.06,347.9,NNW,40.59,9.8,43.01,8.5,high
2025-07-18T16:46:01.626371Z,19.6260787,72.9831188,1401.3,2.61,9.39,5.07,347.8,NNW,40.44,9.8,42.87,8.5,high
2025-07-18T16:46:01.857058Z,19.6261652,72.9831346,1401.8,2.61,9.41,5.08,347.9,NNW,40.31,9.8,42.74,8.5,high
2025-07-18T16:46:02.124625Z,19.6262602,72.9831521,1402.3,2.61,9.40,5.08,347.9,NNW,40.17,9.8,42.61,8.5,high
2025-07-18T16:46:02.367202Z,19.6263428,72.9831672,1402.8,2.61,9.40,5.08,347.9,NNW,40.04,9.8,42.48,8.5,high
2025-07-18T16:46:02.629370Z,19.6264333,72.9831837,1403.2,2.63,9.45,5.10,347.8,NNW,39.91,9.8,42.36,8.5,high
2025-07-18T16:46:02.876406Z,19.6265189,72.9831995,1403.6,2.63,9.45,5.10,347.7,NNW,39.80,9.8,42.25,8.5,high
2025-07-18T16:46:03.121886Z,19.6266088,72.9832160,1404.0,2.63,9.48,5.12,347.7,NNW,39.69,9.8,42.14,8.5,high
2025-07-18T16:46:03.354574Z,19.6266933,72.9832315,1404.4,2.63,9.46,5.11,348.0,NNW,39.59,9.8,42.04,8.5,high
2025-07-18T16:46:03.617541Z,19.6267834,72.9832481,1404.7,2.63,9.48,5.12,348.3,NNW,39.49,9.8,41.95,8.5,high
2025-07-18T16:46:03.855474Z,19.6268687,72.9832637,1405.1,2.63,9.48,5.12,348.3,NNW,39.41,9.8,41.87,8.5,high
2025-07-18T16:46:04.219591Z,19.6269576,72.9832801,1405.5,2.64,9.51,5.14,348.3,NNW,39.33,9.8,41.80,8.5,high
2025-07-18T16:46:04.604672Z,19.6271640,72.9833058,1407.7,2.64,9.52,5.14,348.5,NNW,39.18,9.8,41.66,8.5,high
2025-07-18T16:46:04.956099Z,19.6272525,72.9833222,1408.0,2.65,9.52,5.14,348.6,NNW,39.13,9.8,41.61,8.5,high
2025-07-18T16:46:05.354221Z,19.6274260,72.9833544,1408.7,2.65,9.54,5.15,348.4,NNW,39.02,9.9,41.50,8.6,high
2025-07-18T16:46:05.619111Z,19.6275156,72.9833711,1409.0,2.65,9.56,5.16,348.4,NNW,38.97,9.9,41.45,8.6,high
2025-07-18T16:46:05.878564Z,19.6275998,72.9833869,1409.4,2.67,9.61,5.19,348.0,NNW,38.90,10.0,41.39,8.6,high
2025-07-18T16:46:06.108775Z,19.6276826,72.9834025,1409.7,2.67,9.61,5.19,347.6,NNW,38.86,10.1,41.34,8.7,high
2025-07-18T16:46:06.343531Z,19.6277671,72.9834185,1410.0,2.68,9.63,5.20,347.5,NNW,38.82,10.1,41.31,8.7,high
2025-07-18T16:46:06.611669Z,19.6278556,72.9834355,1410.4,2.68,9.64,5.21,347.4,NNW,38.79,10.1,41.27,8.7,high
2025-07-18T16:46:06.843688Z,19.6279394,72.9834515,1410.7,2.68,9.66,5.22,347.4,NNW,38.74,10.2,41.23,8.7,high
2025-07-18T16:46:07.135339Z,19.6280319,72.9834692,1411.0,2.69,9.67,5.22,347.5,NNW,38.70,10.2,41.19,8.8,high
2025-07-18T16:46:07.343726Z,19.6281098,72.9834841,1411.3,2.68,9.66,5.21,347.6,NNW,38.66,10.2,41.15,8.8,high
2025-07-18T16:46:07.612857Z,19.6281982,72.9835011,1411.6,2.69,9.69,5.23,347.5,NNW,38.61,10.2,41.11,8.8,high
2025-07-18T16:46:07.854573Z,19.6282803,72.9835167,1411.9,2.69,9.67,5.22,347.5,NNW,38.58,10.2,41.07,8.8,high
2025-07-18T16:46:08.109245Z,19.6283682,72.9835337,1412.2,2.69,9.68,5.23,347.3,NNW,38.56,10.2,41.05,8.8,high
2025-07-18T16:46:08.365665Z,19.6284541,72.9835501,1412.5,2.69,9.68,5.22,347.8,NNW,38.53,10.2,41.03,8.8,high
2025-07-18T16:46:08.610041Z,19.6285399,72.9835665,1412.8,2.68,9.65,5.21,348.0,NNW,38.51,10.2,41.00,8.8,high
2025-07-18T16:46:08.858062Z,19.6286214,72.9835820,1413.1,2.68,9.65,5.21,348.2,NNW,38.48,10.2,40.97,8.8,high
2025-07-18T16:46:09.099559Z,19.6287053,72.9835980,1413.4,2.68,9.65,5.21,348.0,NNW,38.45,10.2,40.95,8.8,high
2025-07-18T16:46:09.368901Z,19.6287922,72.9836145,1413.8,2.69,9.68,5.23,348.0,NNW,38.42,10.1,40.92,8.7,high
2025-07-18T16:46:09.621203Z,19.6288831,72.9836317,1414.1,2.69,9.69,5.23,348.0,NNW,38.40,10.1,40.90,8.7,high
2025-07-18T16:46:09.876236Z,19.6289658,72.9836474,1414.4,2.69,9.69,5.23,348.1,NNW,38.37,10.1,40.88,8.7,high
2025-07-18T16:46:10.113508Z,19.6290479,72.9836629,1414.7,2.69,9.69,5.23,348.0,NNW,38.36,10.1,40.87,8.7,high
2025-07-18T16:46:10.363587Z,19.6291309,72.9836785,1415.0,2.69,9.68,5.23,348.0,NNW,38.35,10.1,40.86,8.6,high
2025-07-18T16:46:10.660995Z,19.6292223,72.9836957,1415.3,2.68,9.66,5.22,348.2,NNW,38.34,10.0,40.84,8.6,high
2025-07-18T16:46:10.887693Z,19.6293003,72.9837103,1415.6,2.68,9.64,5.20,348.5,NNW,38.32,10.0,40.82,8.6,high
2025-07-18T16:46:11.107433Z,19.6293871,72.9837265,1415.9,2.68,9.65,5.21,348.7,NNW,38.29,10.0,40.80,8.6,high
2025-07-18T16:46:11.355000Z,19.6294689,72.9837417,1416.2,2.68,9.66,5.21,348.7,NNW,38.27,10.0,40.78,8.6,high
2025-07-18T16:46:11.634305Z,19.6295553,72.9837579,1416.5,2.68,9.65,5.21,348.6,NNW,38.26,10.0,40.77,8.6,high
2025-07-18T16:46:11.862655Z,19.6296428,72.9837742,1416.8,2.68,9.65,5.21,348.4,NNW,38.24,10.0,40.74,8.6,high
2025-07-18T16:46:12.109909Z,19.6297247,72.9837893,1417.0,2.68,9.65,5.21,348.3,NNW,38.22,9.9,40.73,8.6,high
2025-07-18T16:46:12.344659Z,19.6298104,72.9838054,1417.3,2.69,9.69,5.23,348.2,NNW,38.20,9.9,40.71,8.5,high
2025-07-18T16:46:12.599550Z,19.6298934,72.9838208,1417.6,2.69,9.67,5.22,348.3,NNW,38.20,9.9,40.71,8.5,high
2025-07-18T16:46:12.882831Z,19.6299758,72.9838360,1417.9,2.68,9.64,5.21,348.6,NNW,38.19,9.9,40.70,8.5,high
2025-07-18T16:46:13.105702Z,19.6300643,72.9838524,1418.2,2.68,9.66,5.21,348.8,N,38.17,9.9,40.68,8.5,high
2025-07-18T16:46:13.398283Z,19.6301454,72.9838674,1418.5,2.68,9.66,5.21,348.7,NNW,38.16,9.9,40.67,8.5,high
2025-07-18T16:46:13.611888Z,19.6302333,72.9838836,1418.8,2.68,9.63,5.20,348.8,N,38.15,9.9,40.66,8.5,high
2025-07-18T16:46:13.881382Z,19.6303141,72.9838986,1419.1,2.68,9.66,5.21,348.6,NNW,38.13,9.9,40.65,8.5,high
2025-07-18T16:46:14.096924Z,19.6304017,72.9839147,1419.4,2.69,9.69,5.23,348.5,NNW,38.11,9.9,40.63,8.5,high
2025-07-18T16:46:14.411090Z,19.6304826,72.9839296,1419.7,2.69,9.70,5.24,348.1,NNW,38.09,9.9,40.61,8.5,high
2025-07-18T16:46:14.621130Z,19.6305712,72.9839460,1420.0,2.69,9.68,5.23,348.1,NNW,38.10,9.9,40.61,8.4,high
2025-07-18T16:46:14.863921Z,19.6306524,72.9839609,1420.3,2.69,9.68,5.22,348.3,NNW,38.09,9.8,40.60,8.4,high
2025-07-18T16:46:15.143106Z,19.6307404,72.9839772,1420.6,2.68,9.66,5.21,348.6,NNW,38.09,9.8,40.60,8.5,high
2025-07-18T16:46:15.347704Z,19.6308222,72.9839923,1420.9,2.68,9.66,5.21,348.6,NNW,38.08,9.8,40.59,8.5,high
2025-07-18T16:46:15.624203Z,19.6309091,72.9840081,1421.1,2.68,9.64,5.21,348.9,N,38.08,9.8,40.59,8.5,high
2025-07-18T16:46:15.854767Z,19.6309903,72.9840232,1421.4,2.67,9.62,5.20,348.9,N,38.08,9.8,40.59,8.5,high
2025-07-18T16:46:16.454627Z,19.6311961,72.9840610,1422.1,2.66,9.57,5.17,348.4,NNW,38.07,9.8,40.55,8.4,high
2025-07-18T16:46:16.849804Z,19.6313286,72.9840854,1422.6,2.69,9.67,5.22,348.2,NNW,38.05,9.8,40.56,8.4,high
2025-07-18T16:46:17.119537Z,19.6314097,72.9841003,1422.8,2.69,9.69,5.23,348.2,NNW,38.04,9.8,40.55,8.4,high
2025-07-18T16:46:17.344287Z,19.6314971,72.9841163,1423.1,2.69,9.68,5.22,348.4,NNW,38.03,9.8,40.54,8.4,high
2025-07-18T16:46:17.603299Z,19.6315779,72.9841311,1423.4,2.68,9.64,5.20,348.5,NNW,38.04,9.8,40.54,8.4,high
2025-07-18T16:46:17.849291Z,19.6316651,72.9841472,1423.7,2.67,9.63,5.20,348.6,NNW,38.04,9.8,40.54,8.4,high
2025-07-18T16:46:18.094059Z,19.6317461,72.9841620,1424.0,2.68,9.65,5.21,348.7,NNW,38.03,9.8,40.54,8.4,high
2025-07-18T16:46:18.366545Z,19.6318348,72.9841783,1424.3,2.67,9.63,5.20,348.6,NNW,38.03,9.8,40.53,8.4,high
2025-07-18T16:46:18.615001Z,19.6319203,72.9841941,1424.6,2.68,9.66,5.22,348.5,NNW,38.01,9.8,40.52,8.4,high
2025-07-18T16:46:18.848152Z,19.6320026,72.9842092,1424.9,2.68,9.66,5.22,348.3,NNW,38.00,9.8,40.51,8.4,high
2025-07-18T16:46:19.101347Z,19.6320856,72.9842245,1425.2,2.69,9.68,5.23,348.2,NNW,38.00,9.8,40.51,8.4,high
2025-07-18T16:46:19.351389Z,19.6321674,72.9842395,1425.5,2.68,9.65,5.21,348.2,NNW,38.01,9.8,40.51,8.4,high
2025-07-18T16:46:19.600697Z,19.6322541,72.9842555,1425.8,2.69,9.67,5.22,348.3,NNW,38.00,9.8,40.51,8.4,high
2025-07-18T16:46:19.849105Z,19.6323343,72.9842702,1426.0,2.69,9.67,5.22,348.3,NNW,38.00,9.8,40.51,8.4,high
2025-07-18T16:46:20.101842Z,19.6324221,72.9842862,1426.3,2.68,9.66,5.22,348.2,NNW,38.00,9.8,40.51,8.4,high
2025-07-18T16:46:20.360003Z,19.6325091,72.9843023,1426.6,2.68,9.65,5.21,348.4,NNW,37.99,9.8,40.49,8.4,high
2025-07-18T16:46:20.598465Z,19.6325905,72.9843173,1426.9,2.68,9.64,5.21,348.5,NNW,37.98,9.8,40.48,8.4,high
2025-07-18T16:46:20.850924Z,19.6326711,72.9843321,1427.2,2.67,9.62,5.19,348.7,NNW,37.99,9.8,40.49,8.4,high
2025-07-18T16:46:21.101159Z,19.6327589,72.9843482,1427.5,2.67,9.61,5.19,348.7,NNW,37.99,9.8,40.49,8.4,high
2025-07-18T16:46:21.366214Z,19.6328466,72.9843643,1427.8,2.68,9.65,5.21,348.5,NNW,37.98,9.8,40.48,8.4,high
2025-07-18T16:46:21.604104Z,19.6329262,72.9843789,1428.0,2.68,9.65,5.21,348.3,NNW,37.98,9.8,40.48,8.4,high
2025-07-18T16:46:21.865815Z,19.6330165,72.9843956,1428.3,2.68,9.64,5.20,348.1,NNW,37.98,9.8,40.48,8.4,high
2025-07-18T16:46:22.098011Z,19.6330956,72.9844102,1428.6,2.68,9.66,5.21,348.2,NNW,37.97,9.8,40.47,8.4,high
2025-07-18T16:46:22.338767Z,19.6331745,72.9844246,1428.9,2.68,9.65,5.21,348.2,NNW,37.97,9.8,40.47,8.4,high
2025-07-18T16:46:22.600811Z,19.6332651,72.9844413,1429.2,2.68,9.65,5.21,348.2,NNW,37.97,9.8,40.47,8.4,high
2025-07-18T16:46:22.834817Z,19.6333442,72.9844559,1429.5,2.67,9.61,5.19,348.3,NNW,37.98,9.8,40.47,8.4,high
2025-07-18T16:46:23.084041Z,19.6334266,72.9844710,1429.8,2.67,9.59,5.18,348.8,N,37.98,9.8,40.47,8.5,high
2025-07-18T16:46:23.356557Z,19.6335142,72.9844871,1430.1,2.67,9.60,5.18,348.7,NNW,37.98,9.8,40.48,8.5,high
2025-07-18T16:46:23.607049Z,19.6336014,72.9845031,1430.4,2.67,9.61,5.19,348.6,NNW,37.98,9.8,40.48,8.5,high
2025-07-18T16:46:23.846461Z,19.6336807,72.9845177,1430.6,2.67,9.63,5.20,348.2,NNW,37.97,9.8,40.47,8.4,high
2025-07-18T16:46:24.098885Z,19.6337677,72.9845338,1430.9,2.68,9.65,5.21,348.0,NNW,37.96,9.8,40.46,8.4,high
2025-07-18T16:46:24.329327Z,19.6338845,72.9845474,1432.9,2.68,9.64,5.21,348.0,NNW,37.96,9.8,40.46,8.4,high
2025-07-18T16:46:24.583141Z,19.6339671,72.9845627,1433.2,2.67,9.62,5.19,348.2,NNW,37.95,9.8,40.44,8.4,high
2025-07-18T16:46:24.870139Z,19.6340544,72.9845788,1433.5,2.67,9.62,5.19,348.6,NNW,37.94,9.8,40.44,8.5,high
2025-07-18T16:46:25.083740Z,19.6341355,72.9845936,1433.7,2.66,9.57,5.17,349.1,N,37.94,9.8,40.43,8.5,high
2025-07-18T16:46:25.352520Z,19.6342225,72.9846098,1434.0,2.65,9.56,5.16,349.2,N,37.94,9.8,40.43,8.5,high
2025-07-18T16:46:25.589455Z,19.6343040,72.9846250,1434.3,2.66,9.59,5.18,348.8,N,37.93,9.9,40.43,8.5,high
2025-07-18T16:46:25.840646Z,19.6343867,72.9846404,1434.6,2.67,9.60,5.19,348.5,NNW,37.93,9.9,40.42,8.6,high
2025-07-18T16:46:26.113654Z,19.6344732,72.9846565,1434.9,2.68,9.65,5.21,348.1,NNW,37.92,10.0,40.42,8.6,high
2025-07-18T16:46:26.338418Z,19.6345545,72.9846718,1435.2,2.68,9.64,5.21,348.0,NNW,37.93,10.0,40.42,8.6,high
2025-07-18T16:46:26.600279Z,19.6346411,72.9846881,1435.5,2.68,9.64,5.21,347.9,NNW,37.92,10.0,40.41,8.6,high
2025-07-18T16:46:26.851337Z,19.6347229,72.9847036,1435.8,2.68,9.64,5.21,347.6,NNW,37.91,10.1,40.40,8.6,high
2025-07-18T16:46:27.100636Z,19.6348099,72.9847200,1436.1,2.68,9.66,5.21,347.6,NNW,37.90,10.1,40.39,8.6,high
2025-07-18T16:46:27.334816Z,19.6348898,72.9847352,1436.4,2.68,9.65,5.21,347.5,NNW,37.91,10.1,40.40,8.6,high
2025-07-18T16:46:27.604754Z,19.6349767,72.9847516,1436.7,2.68,9.64,5.20,347.7,NNW,37.91,10.1,40.40,8.7,high
2025-07-18T16:46:27.830234Z,19.6350579,72.9847669,1436.9,2.68,9.64,5.20,347.7,NNW,37.91,10.1,40.40,8.7,high
2025-07-18T16:46:28.095201Z,19.6351442,72.9847834,1437.2,2.67,9.62,5.19,348.0,NNW,37.91,10.1,40.40,8.7,high
2025-07-18T16:46:28.335066Z,19.6352255,72.9847987,1437.5,2.66,9.59,5.18,348.1,NNW,37.92,10.1,40.40,8.7,high
2025-07-18T16:46:28.586282Z,19.6353088,72.9848145,1437.8,2.67,9.60,5.19,348.1,NNW,37.92,10.1,40.40,8.7,high
2025-07-18T16:46:28.868270Z,19.6353980,72.9848313,1438.1,2.67,9.60,5.18,348.1,NNW,37.92,10.1,40.40,8.7,high
2025-07-18T16:46:29.110144Z,19.6354807,72.9848468,1438.4,2.67,9.60,5.18,348.0,NNW,37.90,10.1,40.39,8.7,high
2025-07-18T16:46:29.343409Z,19.6355617,72.9848622,1438.7,2.68,9.63,5.20,348.0,NNW,37.89,10.1,40.38,8.6,high
2025-07-18T16:46:29.612380Z,19.6356499,72.9848787,1439.0,2.67,9.61,5.19,348.0,NNW,37.90,10.0,40.39,8.6,high
2025-07-18T16:46:29.830196Z,19.6357286,72.9848935,1439.2,2.67,9.62,5.19,348.1,NNW,37.90,10.0,40.39,8.6,high
2025-07-18T16:46:30.097768Z,19.6358139,72.9849096,1439.5,2.66,9.59,5.18,348.0,NNW,37.90,10.0,40.38,8.6,high
2025-07-18T16:46:30.342386Z,19.6359022,72.9849261,1439.8,2.67,9.61,5.19,348.0,NNW,37.90,10.0,40.38,8.6,high
2025-07-18T16:46:30.591769Z,19.6359824,72.9849411,1440.1,2.66,9.58,5.17,348.0,NNW,37.90,10.0,40.39,8.6,high
2025-07-18T16:46:30.847973Z,19.6360694,72.9849572,1440.4,2.67,9.59,5.18,348.1,NNW,37.90,10.0,40.39,8.6,high
2025-07-18T16:46:31.084949Z,19.6361487,72.9849720,1440.7,2.66,9.59,5.18,348.1,NNW,37.90,10.0,40.38,8.5,high
2025-07-18T16:46:31.352489Z,19.6362369,72.9849885,1441.0,2.66,9.57,5.17,348.1,NNW,37.90,9.9,40.38,8.5,high
2025-07-18T16:46:31.569652Z,19.6363154,72.9850031,1441.2,2.66,9.56,5.16,348.4,NNW,37.89,9.9,40.37,8.5,high
2025-07-18T16:46:31.849455Z,19.6364010,72.9850190,1441.5,2.65,9.53,5.15,348.6,NNW,37.90,9.9,40.37,8.5,high
2025-07-18T16:46:32.111156Z,19.6364882,72.9850350,1441.8,2.65,9.53,5.15,348.5,NNW,37.90,9.9,40.38,8.5,high
2025-07-18T16:46:32.343897Z,19.6365674,72.9850498,1442.1,2.65,9.54,5.15,348.6,NNW,37.90,9.9,40.38,8.5,high
2025-07-18T16:46:32.606782Z,19.6366549,72.9850660,1442.4,2.65,9.53,5.15,348.4,NNW,37.91,9.9,40.39,8.5,high
2025-07-18T16:46:32.828002Z,19.6367346,72.9850807,1442.7,2.66,9.56,5.16,348.2,NNW,37.91,9.9,40.39,8.5,high
2025-07-18T16:46:33.103275Z,19.6368218,72.9850969,1443.0,2.65,9.55,5.15,348.2,NNW,37.91,9.9,40.39,8.5,high
2025-07-18T16:46:33.449117Z,19.6369017,72.9851116,1443.2,2.66,9.56,5.16,347.9,NNW,37.90,9.9,40.38,8.5,high
2025-07-18T16:46:33.901940Z,19.6370763,72.9851438,1443.8,2.65,9.54,5.15,348.4,NNW,37.91,9.8,40.39,8.5,high
2025-07-18T16:46:34.112304Z,19.6371561,72.9851585,1444.1,2.65,9.54,5.15,348.4,NNW,37.91,9.8,40.39,8.5,high
2025-07-18T16:46:34.329413Z,19.6372414,72.9851743,1444.4,2.65,9.55,5.15,348.3,NNW,37.91,9.8,40.39,8.5,high
2025-07-18T16:46:34.660717Z,19.6373286,72.9851903,1444.7,2.65,9.52,5.14,348.4,NNW,37.91,9.8,40.38,8.5,high
2025-07-18T16:46:35.082705Z,19.6374888,72.9852198,1445.2,2.65,9.53,5.15,348.1,NNW,37.91,9.8,40.38,8.4,high
2025-07-18T16:46:35.346100Z,19.6375761,72.9852358,1445.5,2.65,9.54,5.15,348.0,NNW,37.91,9.8,40.38,8.4,high
2025-07-18T16:46:35.600637Z,19.6376617,72.9852516,1445.8,2.64,9.52,5.14,348.1,NNW,37.92,9.8,40.39,8.4,high
2025-07-18T16:46:35.855246Z,19.6377415,72.9852662,1446.1,2.65,9.52,5.14,348.5,NNW,37.91,9.8,40.39,8.4,high
2025-07-18T16:46:36.076034Z,19.6378280,72.9852820,1446.4,2.64,9.50,5.13,348.5,NNW,37.92,9.8,40.40,8.4,high
2025-07-18T16:46:36.341007Z,19.6379135,72.9852978,1446.7,2.65,9.53,5.15,348.3,NNW,37.93,9.8,40.40,8.4,high
2025-07-18T16:46:36.587332Z,19.6379944,72.9853128,1446.9,2.65,9.53,5.14,348.2,NNW,37.93,9.8,40.40,8.4,high
2025-07-18T16:46:36.827294Z,19.6380771,72.9853280,1447.2,2.65,9.54,5.15,348.1,NNW,37.92,9.8,40.39,8.4,high
2025-07-18T16:46:37.073592Z,19.6381658,72.9853443,1447.5,2.64,9.51,5.14,347.9,NNW,37.93,9.8,40.39,8.4,high
2025-07-18T16:46:37.324465Z,19.6382452,72.9853589,1447.8,2.65,9.54,5.15,347.9,NNW,37.91,9.8,40.38,8.4,high
2025-07-18T16:46:37.604427Z,19.6383322,72.9853749,1448.1,2.64,9.51,5.14,348.0,NNW,37.90,9.8,40.37,8.4,high
2025-07-18T16:46:37.841341Z,19.6384179,72.9853906,1448.4,2.65,9.53,5.15,348.1,NNW,37.89,9.8,40.37,8.4,high
2025-07-18T16:46:38.072771Z,19.6384972,72.9854052,1448.7,2.65,9.53,5.15,348.0,NNW,37.89,9.8,40.37,8.4,high
2025-07-18T16:46:38.342037Z,19.6385857,72.9854215,1449.0,2.64,9.50,5.13,348.1,NNW,37.90,9.8,40.37,8.4,high
2025-07-18T16:46:38.588114Z,19.6386684,72.9854366,1449.3,2.63,9.48,5.12,348.5,NNW,37.89,9.8,40.36,8.4,high
2025-07-18T16:46:38.835780Z,19.6387490,72.9854515,1449.6,2.64,9.51,5.14,348.4,NNW,37.88,9.8,40.36,8.4,high
2025-07-18T16:46:39.072753Z,19.6388317,72.9854667,1449.9,2.64,9.51,5.14,348.4,NNW,37.88,9.8,40.36,8.4,high
2025-07-18T16:46:39.339723Z,19.6389215,72.9854831,1450.2,2.64,9.51,5.14,348.2,NNW,37.88,9.8,40.35,8.4,high
2025-07-18T16:46:39.584795Z,19.6390015,72.9854979,1450.4,2.65,9.52,5.14,348.1,NNW,37.87,9.8,40.34,8.4,high
2025-07-18T16:46:39.838901Z,19.6390882,72.9855139,1450.7,2.64,9.52,5.14,347.9,NNW,37.87,9.8,40.33,8.4,high
2025-07-18T16:46:40.059565Z,19.6391670,72.9855283,1451.0,2.64,9.51,5.14,348.0,NNW,37.87,9.8,40.34,8.4,high
2025-07-18T16:46:40.334152Z,19.6392541,72.9855444,1451.3,2.64,9.49,5.12,348.0,NNW,37.88,9.8,40.34,8.4,high
2025-07-18T16:46:40.577715Z,19.6393402,72.9855602,1451.6,2.64,9.49,5.12,348.0,NNW,37.88,9.8,40.34,8.4,high
2025-07-18T16:46:40.828676Z,19.6394196,72.9855748,1451.9,2.64,9.49,5.12,348.0,NNW,37.88,9.8,40.34,8.4,high
2025-07-18T16:46:41.084520Z,19.6395078,72.9855910,1452.2,2.64,9.49,5.13,348.0,NNW,37.88,9.8,40.35,8.4,high
2025-07-18T16:46:41.090416Z,19.6395078,72.9855910,1452.2,0.88,3.18,1.72,219.7,SW,41.40,9.8,40.63,8.4,averaged
2025-07-18T16:46:41.332051Z,19.6395877,72.9856056,1452.4,2.64,9.49,5.13,348.0,NNW,37.88,9.8,40.35,8.4,high
2025-07-18T16:46:41.587334Z,19.6396746,72.9856217,1452.7,2.63,9.46,5.11,348.4,NNW,37.88,9.8,40.34,8.5,high
2025-07-18T16:46:41.831485Z,19.6397534,72.9856362,1453.0,2.63,9.47,5.11,348.7,NNW,37.87,9.8,40.33,8.5,high
2025-07-18T16:46:42.082818Z,19.6398404,72.9856523,1453.3,2.63,9.45,5.10,348.6,NNW,37.87,9.8,40.32,8.5,high
2025-07-18T16:46:42.325096Z,19.6399212,72.9856671,1453.6,2.63,9.49,5.12,348.1,NNW,37.87,9.8,40.33,8.5,high
2025-07-18T16:46:42.581090Z,19.6400079,72.9856831,1453.9,2.64,9.52,5.14,347.7,NNW,37.87,9.9,40.33,8.4,high
2025-07-18T16:46:42.833152Z,19.6400905,72.9856983,1454.2,2.64,9.49,5.12,347.8,NNW,37.87,9.8,40.32,8.4,high
2025-07-18T16:46:43.080783Z,19.6401789,72.9857146,1454.5,2.64,9.49,5.12,347.8,NNW,37.87,9.8,40.32,8.4,high
2025-07-18T16:46:43.318277Z,19.6402587,72.9857293,1454.8,2.63,9.47,5.11,347.9,NNW,37.88,9.8,40.33,8.4,high
2025-07-18T16:46:43.582085Z,19.6403459,72.9857454,1455.1,2.63,9.47,5.11,347.9,NNW,37.88,9.8,40.33,8.4,high
2025-07-18T16:46:43.815446Z,19.6404249,72.9857598,1455.3,2.63,9.47,5.11,347.9,NNW,37.88,9.8,40.33,8.4,high
2025-07-18T16:46:44.062060Z,19.6405104,72.9857756,1455.6,2.63,9.48,5.12,347.8,NNW,37.87,9.8,40.32,8.4,high
