timestamp,source,sequence,latitude,longitude,altitude_from_sealevel,relative_altitude,voltage,remaining_percent,north_m_s,east_m_s,down_m_s,temperature_degc,pressure_hpa,roll_deg,pitch_deg,yaw_deg,angular_velocity_forward_rad_s,angular_velocity_right_rad_s,angular_velocity_down_rad_s,linear_acceleration_forward_m_s2,linear_acceleration_right_m_s2,linear_acceleration_down_m_s2,magnetic_field_forward_gauss,magnetic_field_right_gauss,magnetic_field_down_gauss,system_time,unix_time,speed_m_s,direction_deg,airspeed_m_s
2025-07-24T09:32:43.104+00:00Z,position,1133,19.0805796,72.8766859,5.960000514984131,0.0,44.35300064086914,-1.0,0.0,0.0,0.0,34.959999084472656,1012.5490112304688,-0.09645124524831772,-0.10364829748868942,-45.634124755859375,,,,,,,,,,2025-07-24T15:02:43.104Z,1753349563,0.0,0.0,2.826237201690674
2025-07-24T09:32:43.350+00:00Z,position,1134,19.0805796,72.8766859,5.960000514984131,0.0,44.35300064086914,-1.0,0.0,0.0,0.0,34.959999084472656,1012.5490112304688,-0.09548488259315491,-0.10297294706106186,-45.63442611694336,,,,,,,,,,2025-07-24T15:02:43.350Z,1753349563,0.0,0.0,2.8281126022338867
2025-07-24T09:32:43.598+00:00Z,position,1135,19.0805796,72.8766859,5.960000514984131,0.0,44.35300064086914,-1.0,0.0,0.0,0.0,34.959999084472656,1012.53076171875,-0.09547148644924164,-0.10425110161304474,-45.633907318115234,,,,,,,,,,2025-07-24T15:02:43.598Z,1753349563,0.0,0.0,2.822467803955078
2025-07-24T09:32:43.865+00:00Z,position,1136,19.0805796,72.8766859,5.960000514984131,0.0,44.35300064086914,-1.0,0.0,0.0,0.0,34.959999084472656,1012.5421142578125,-0.09535269439220428,-0.10347014665603638,-45.63426208496094,,,,,,,,,,2025-07-24T15:02:43.864Z,1753349563,0.0,0.0,2.8160078525543213
2025-07-24T09:32:44.128+00:00Z,position,1137,19.0805796,72.8766859,5.960000514984131,0.0,44.35300064086914,-1.0,0.0,0.0,0.0,34.959999084472656,1012.5421142578125,-0.09580237418413162,-0.10442698746919632,-45.63360595703125,,,,,,,,,,2025-07-24T15:02:44.128Z,1753349564,0.0,0.0,2.809131145477295
2025-07-24T09:32:44.353+00:00Z,position,1138,19.0805796,72.8766859,5.960000514984131,0.0,44.35300064086914,-1.0,0.0,0.0,0.0,34.959999084472656,1012.5336303710938,-0.09503588080406189,-0.102436862885952,-45.63396453857422,,,,,,,,,,2025-07-24T15:02:44.353Z,1753349564,0.0,0.0,2.8017866611480713
2025-07-24T09:32:44.609+00:00Z,position,1139,19.0805796,72.8766859,5.960000514984131,0.0,44.35300064086914,-1.0,0.0,0.0,0.0,34.959999084472656,1012.5336303710938,-0.09490558505058289,-0.10433552414178848,-45.634098052978516,,,,,,,,,,2025-07-24T15:02:44.609Z,1753349564,0.0,0.0,2.7944536209106445
2025-07-24T09:32:44.859+00:00Z,position,1140,19.0805796,72.8766859,5.960000514984131,0.0,44.35300064086914,-1.0,0.0,0.0,0.0,34.959999084472656,1012.5226440429688,-0.09328362345695496,-0.10400289297103882,-45.6348876953125,,,,,,,,,,2025-07-24T15:02:44.859Z,1753349564,0.0,0.0,2.794844627380371
2025-07-24T09:32:45.105+00:00Z,position,1141,19.0805796,72.8766859,5.960000514984131,0.0,44.35300064086914,-1.0,0.0,0.0,0.0,34.959999084472656,1012.5226440429688,-0.09431055188179016,-0.10293642431497574,-45.63349533081055,,,,,,,,,,2025-07-24T15:02:45.105Z,1753349565,0.0,0.0,2.803539752960205
2025-07-24T09:32:45.344+00:00Z,position,1142,19.0805796,72.8766859,5.960000514984131,0.0,44.35300064086914,-1.0,0.0,0.0,0.0,34.959999084472656,1012.5543823242188,-0.09455233067274094,-0.1032365933060646,-45.63341522216797,,,,,,,,,,2025-07-24T15:02:45.344Z,1753349565,0.0,0.0,2.812722682952881
2025-07-24T09:32:45.855+00:00Z,position,1143,19.0805796,72.8766859,5.960000514984131,0.0,44.35200119018555,-1.0,0.0,0.0,0.0,34.959999084472656,1012.5490112304688,-0.0937698557972908,-0.10295594483613968,-45.63341522216797,,,,,,,,,,2025-07-24T15:02:45.855Z,1753349565,0.0,0.0,2.833146810531616
2025-07-24T09:32:46.112+00:00Z,position,1144,19.0805796,72.8766859,5.960000514984131,0.0,44.35200119018555,-1.0,0.0,0.0,0.0,34.959999084472656,1012.5490112304688,-0.09246114641427994,-0.10342398285865784,-45.634098052978516,,,,,,,,,,2025-07-24T15:02:46.112Z,1753349566,0.0,0.0,2.8413681983947754
2025-07-24T09:32:46.379+00:00Z,position,1145,19.0805796,72.8766859,5.960000514984131,0.0,44.35200119018555,-1.0,0.0,0.0,0.0,34.959999084472656,1012.5516357421875,-0.09281303733587265,-0.10444669425487518,-45.634647369384766,,,,,,,,,,2025-07-24T15:02:46.379Z,1753349566,0.0,0.0,2.834247589111328
2025-07-24T09:32:46.616+00:00Z,position,1146,19.0805796,72.8766859,5.960000514984131,0.0,44.35200119018555,-1.0,0.0,0.0,0.0,34.959999084472656,1012.5516357421875,-0.09151630103588104,-0.10293244570493698,-45.633872985839844,,,,,,,,,,2025-07-24T15:02:46.616Z,1753349566,0.0,0.0,2.823295831680298
2025-07-24T09:32:46.863+00:00Z,position,1147,19.0805796,72.8766859,5.960000514984131,0.0,44.35200119018555,-1.0,0.0,0.0,0.0,34.959999084472656,1012.5215454101562,-0.09210917353630066,-0.10300558060407639,-45.63386917114258,,,,,,,,,,2025-07-24T15:02:46.863Z,1753349566,0.0,0.0,2.8132822513580322
2025-07-24T09:32:47.105+00:00Z,position,1148,19.0805796,72.8766859,5.960000514984131,0.0,44.35200119018555,-1.0,0.0,0.0,0.0,34.959999084472656,1012.5215454101562,-0.08939849585294724,-0.1030103862285614,-45.634971618652344,,,,,,,,,,2025-07-24T15:02:47.105Z,1753349567,0.0,0.0,2.804396629333496
2025-07-24T09:32:47.359+00:00Z,position,1149,19.0805796,72.8766859,5.960000514984131,0.0,44.35200119018555,-1.0,0.0,0.0,0.0,34.959999084472656,1012.5424194335938,-0.08951228857040405,-0.10500724613666534,-45.63469314575195,,,,,,,,,,2025-07-24T15:02:47.359Z,1753349567,0.0,0.0,2.795774221420288
2025-07-24T09:32:47.620+00:00Z,position,1150,19.0805796,72.8766859,5.960000514984131,0.0,44.35200119018555,-1.0,0.0,0.0,0.0,34.959999084472656,1012.5424194335938,-0.0888984426856041,-0.10277877002954483,-45.63483428955078,,,,,,,,,,2025-07-24T15:02:47.620Z,1753349567,0.0,0.0,2.7876412868499756
2025-07-24T09:32:47.850+00:00Z,position,1151,19.0805796,72.8766859,5.960000514984131,0.0,44.35200119018555,-1.0,0.0,0.0,0.0,34.959999084472656,1012.5278930664062,-0.08886854350566864,-0.10419072955846786,-45.63469314575195,,,,,,,,,,2025-07-24T15:02:47.850Z,1753349567,0.0,0.0,2.7848126888275146
2025-07-24T09:32:48.127+00:00Z,position,1152,19.0805796,72.8766859,5.960000514984131,0.0,44.35200119018555,-1.0,0.0,0.0,0.0,34.959999084472656,1012.5278930664062,-0.09105322510004044,-0.10587216168642044,-45.63351821899414,,,,,,,,,,2025-07-24T15:02:48.127Z,1753349568,0.0,0.0,2.781991481781006
2025-07-24T09:32:48.357+00:00Z,position,1153,19.0805796,72.8766859,5.960000514984131,0.0,44.35200119018555,-1.0,0.0,0.0,0.0,34.959999084472656,1012.5421142578125,-0.09056320786476135,-0.10287909209728241,-45.633323669433594,,,,,,,,,,2025-07-24T15:02:48.357Z,1753349568,0.0,0.0,2.7786035537719727
2025-07-24T09:32:48.606+00:00Z,position,1154,19.0805796,72.8766859,5.960000514984131,0.0,44.35200119018555,-1.0,0.0,0.0,0.0,34.959999084472656,1012.5421142578125,-0.0899733230471611,-0.10408414900302887,-45.63414764404297,,,,,,,,,,2025-07-24T15:02:48.606Z,1753349568,0.0,0.0,2.77542781829834
2025-07-24T09:32:48.849+00:00Z,position,1155,19.0805796,72.8766859,5.960000514984131,0.0,44.35200119018555,-1.0,0.0,0.0,0.0,34.959999084472656,1012.5477294921875,-0.08856216818094254,-0.10543865710496902,-45.634620666503906,,,,,,,,,,2025-07-24T15:02:48.848Z,1753349568,0.0,0.0,2.772379159927368
2025-07-24T09:32:49.110+00:00Z,position,1156,19.0805796,72.8766859,5.960000514984131,0.0,44.35200119018555,-1.0,0.0,0.0,0.0,34.959999084472656,1012.5120239257812,-0.08948089182376862,-0.1051618903875351,-45.63373947143555,,,,,,,,,,2025-07-24T15:02:49.110Z,1753349569,0.0,0.0,2.768540143966675
2025-07-24T09:32:49.355+00:00Z,position,1157,19.0805796,72.8766859,5.960000514984131,0.0,44.35200119018555,-1.0,0.0,0.0,0.0,34.959999084472656,1012.5120239257812,-0.08882670849561691,-0.10429132729768753,-45.634586334228516,,,,,,,,,,2025-07-24T15:02:49.355Z,1753349569,0.0,0.0,2.763148546218872
2025-07-24T09:32:49.602+00:00Z,position,1158,19.0805796,72.8766859,5.960000514984131,0.0,44.35100173950195,-1.0,0.0,0.0,0.0,34.959999084472656,1012.5226440429688,-0.08891159296035767,-0.10414464771747589,-45.63355255126953,,,,,,,,,,2025-07-24T15:02:49.602Z,1753349569,0.0,0.0,2.7578787803649902
2025-07-24T09:32:49.855+00:00Z,position,1159,19.0805796,72.8766859,5.960000514984131,0.0,44.35100173950195,-1.0,0.0,0.0,0.0,34.959999084472656,1012.5226440429688,-0.08900978416204453,-0.10449554771184921,-45.63425827026367,,,,,,,,,,2025-07-24T15:02:49.855Z,1753349569,0.0,0.0,2.7516331672668457
2025-07-24T09:32:50.119+00:00Z,position,1160,19.0805796,72.8766859,5.960000514984131,0.0,44.35100173950195,-1.0,0.0,0.0,0.0,34.959999084472656,1012.53466796875,-0.08923257887363434,-0.10407006740570068,-45.63359832763672,,,,,,,,,,2025-07-24T15:02:50.119Z,1753349570,0.0,0.0,2.7452354431152344
2025-07-24T09:32:50.363+00:00Z,position,1161,19.0805796,72.8766859,5.960000514984131,0.0,44.35100173950195,-1.0,0.0,0.0,0.0,34.959999084472656,1012.53466796875,-0.08692342787981033,-0.10399706661701202,-45.634666442871094,,,,,,,,,,2025-07-24T15:02:50.363Z,1753349570,0.0,0.0,2.73750376701355
2025-07-24T09:32:50.610+00:00Z,position,1162,19.0805796,72.8766859,5.960000514984131,0.0,44.35100173950195,-1.0,0.0,0.0,0.0,34.959999084472656,1012.5310668945312,-0.08758505433797836,-0.10507536679506302,-45.634586334228516,,,,,,,,,,2025-07-24T15:02:50.610Z,1753349570,0.0,0.0,2.7308273315429688
2025-07-24T09:32:50.863+00:00Z,position,1163,19.0805796,72.8766859,5.960000514984131,0.0,44.35100173950195,-1.0,0.0,0.0,0.0,34.959999084472656,1012.5310668945312,-0.08696550875902176,-0.10456579178571701,-45.634422302246094,,,,,,,,,,2025-07-24T15:02:50.863Z,1753349570,0.0,0.0,2.725252866744995
2025-07-24T09:32:51.106+00:00Z,position,1164,19.0805796,72.8766859,5.960000514984131,0.0,44.35100173950195,-1.0,0.0,0.0,0.0,34.959999084472656,1012.5336303710938,-0.08783192932605743,-0.10418353974819183,-45.63401412963867,,,,,,,,,,2025-07-24T15:02:51.106Z,1753349571,0.0,0.0,2.719674825668335
2025-07-24T09:32:51.350+00:00Z,position,1165,19.0805796,72.8766859,5.960000514984131,0.0,44.35100173950195,-1.0,0.0,0.0,0.0,34.959999084472656,1012.5336303710938,-0.08824722468852997,-0.10539282858371735,-45.63384246826172,,,,,,,,,,2025-07-24T15:02:51.350Z,1753349571,0.0,0.0,2.715195894241333
2025-07-24T09:32:51.603+00:00Z,position,1166,19.0805796,72.8766859,5.960000514984131,0.0,44.35100173950195,-1.0,0.0,0.0,0.0,34.959999084472656,1012.5120239257812,-0.08866287022829056,-0.10626792907714844,-45.63396072387695,,,,,,,,,,2025-07-24T15:02:51.603Z,1753349571,0.0,0.0,2.711207628250122
2025-07-24T09:32:51.866+00:00Z,position,1167,19.0805796,72.8766859,5.960000514984131,0.0,44.35100173950195,-1.0,0.0,0.0,0.0,34.959999084472656,1012.5120239257812,-0.09027671813964844,-0.10643665492534637,-45.63359832763672,,,,,,,,,,2025-07-24T15:02:51.866Z,1753349571,0.0,0.0,2.7076337337493896
2025-07-24T09:32:52.175+00:00Z,position,1168,19.0805796,72.8766859,5.960000514984131,0.0,44.35100173950195,-1.0,0.0,0.0,0.0,34.959999084472656,1012.5424194335938,-0.09087300300598145,-0.10553307831287384,-45.63365936279297,,,,,,,,,,2025-07-24T15:02:52.175Z,1753349572,0.0,0.0,2.705145835876465
2025-07-24T09:32:52.377+00:00Z,position,1169,19.0805796,72.8766859,5.960000514984131,0.0,44.35100173950195,-1.0,0.0,0.0,0.0,34.959999084472656,1012.5424194335938,-0.09009020030498505,-0.10568156838417053,-45.63368225097656,,,,,,,,,,2025-07-24T15:02:52.377Z,1753349572,0.0,0.0,2.703244686126709
2025-07-24T09:32:52.610+00:00Z,position,1170,19.0805796,72.8766859,5.960000514984131,0.0,44.35100173950195,-1.0,0.0,0.0,0.0,34.959999084472656,1012.5405883789062,-0.09196018427610397,-0.10524551570415497,-45.63362503051758,,,,,,,,,,2025-07-24T15:02:52.610Z,1753349572,0.0,0.0,2.701160192489624
2025-07-24T09:32:52.855+00:00Z,position,1171,19.0805796,72.8766859,5.960000514984131,0.0,44.35100173950195,-1.0,0.0,0.0,0.0,34.959999084472656,1012.5140991210938,-0.08998214453458786,-0.10447055846452713,-45.63406753540039,,,,,,,,,,2025-07-24T15:02:52.855Z,1753349572,0.0,0.0,2.699817657470703
2025-07-24T09:32:53.109+00:00Z,position,1172,19.0805796,72.8766859,5.960000514984131,0.0,44.35100173950195,-1.0,0.0,0.0,0.0,34.959999084472656,1012.5140991210938,-0.09175343811511993,-0.10519562661647797,-45.633323669433594,,,,,,,,,,2025-07-24T15:02:53.109Z,1753349573,0.0,0.0,2.6982924938201904
2025-07-24T09:32:53.353+00:00Z,position,1173,19.0805796,72.8766859,5.960000514984131,0.0,44.35000228881836,-1.0,0.0,0.0,0.0,34.959999084472656,1012.533935546875,-0.0903533473610878,-0.10592716187238693,-45.63444519042969,,,,,,,,,,2025-07-24T15:02:53.353Z,1753349573,0.0,0.0,2.7011985778808594
2025-07-24T09:32:53.606+00:00Z,position,1174,19.0805796,72.8766859,5.960000514984131,0.0,44.35000228881836,-1.0,0.0,0.0,0.0,34.959999084472656,1012.533935546875,-0.09068027138710022,-0.10565099865198135,-45.63349151611328,,,,,,,,,,2025-07-24T15:02:53.606Z,1753349573,0.0,0.0,2.7192294597625732
2025-07-24T09:32:53.938+00:00Z,position,1175,19.0805796,72.8766859,5.960000514984131,0.0,44.35000228881836,-1.0,0.0,0.0,0.0,34.959999084472656,1012.5394897460938,-0.09096185863018036,-0.1047455444931984,-45.633934020996094,,,,,,,,,,2025-07-24T15:02:53.938Z,1753349573,0.0,0.0,2.737151622772217
2025-07-24T09:32:54.360+00:00Z,position,1176,19.0805796,72.8766859,5.960000514984131,0.0,44.35000228881836,-1.0,0.0,0.0,0.0,34.959999084472656,1012.525146484375,-0.09071389585733414,-0.10258619487285614,-45.63390350341797,,,,,,,,,,2025-07-24T15:02:54.360Z,1753349574,0.0,0.0,2.777034044265747
2025-07-24T09:32:54.602+00:00Z,position,1177,19.0805796,72.8766859,5.960000514984131,0.0,44.35000228881836,-1.0,0.0,0.0,0.0,34.959999084472656,1012.525146484375,-0.0918007493019104,-0.10353007912635803,-45.63327407836914,,,,,,,,,,2025-07-24T15:02:54.602Z,1753349574,0.0,0.0,2.7971067428588867
2025-07-24T09:32:54.879+00:00Z,position,1178,19.0805796,72.8766859,5.960000514984131,0.0,44.35000228881836,-1.0,0.0,0.0,0.0,34.959999084472656,1012.5391845703125,-0.09183507412672043,-0.10181678086519241,-45.63341522216797,,,,,,,,,,2025-07-24T15:02:54.879Z,1753349574,0.0,0.0,2.810818910598755
2025-07-24T09:32:55.115+00:00Z,position,1179,19.0805796,72.8766859,5.960000514984131,0.0,44.35000228881836,-1.0,0.0,0.0,0.0,34.959999084472656,1012.5391845703125,-0.09234979748725891,-0.10287288576364517,-45.6334342956543,,,,,,,,,,2025-07-24T15:02:55.115Z,1753349575,0.0,0.0,2.816932439804077
2025-07-24T09:32:55.359+00:00Z,position,1180,19.0805796,72.8766859,5.960000514984131,0.0,44.35000228881836,-1.0,0.0,0.0,0.0,34.959999084472656,1012.5215454101562,-0.0906134769320488,-0.10342375934123993,-45.633846282958984,,,,,,,,,,2025-07-24T15:02:55.359Z,1753349575,0.0,0.0,2.821638822555542
2025-07-24T09:32:55.614+00:00Z,position,1181,19.0805796,72.8766859,5.960000514984131,0.0,44.35000228881836,-1.0,0.0,0.0,0.0,34.959999084472656,1012.5215454101562,-0.09355972707271576,-0.10461590439081192,-45.63291931152344,,,,,,,,,,2025-07-24T15:02:55.614Z,1753349575,0.0,0.0,2.8249876499176025
2025-07-24T09:32:55.871+00:00Z,position,1182,19.0805796,72.8766859,5.960000514984131,0.0,44.35000228881836,-1.0,0.0,0.0,0.0,34.959999084472656,1012.5128173828125,-0.0931435078382492,-0.10448874533176422,-45.633140563964844,,,,,,,,,,2025-07-24T15:02:55.871Z,1753349575,0.0,0.0,2.8278133869171143
2025-07-24T09:32:56.126+00:00Z,position,1183,19.0805796,72.8766859,5.960000514984131,0.0,44.35000228881836,-1.0,0.0,0.0,0.0,34.959999084472656,1012.5128173828125,-0.09343594312667847,-0.10390230268239975,-45.633384704589844,,,,,,,,,,2025-07-24T15:02:56.126Z,1753349576,0.0,0.0,2.8292198181152344
2025-07-24T09:32:56.348+00:00Z,position,1184,19.0805796,72.8766859,5.960000514984131,0.0,44.35000228881836,-1.0,0.0,0.0,0.0,34.959999084472656,1012.552734375,-0.0923713967204094,-0.10351564735174179,-45.63365936279297,,,,,,,,,,2025-07-24T15:02:56.347Z,1753349576,0.0,0.0,2.8342676162719727
2025-07-24T09:32:56.646+00:00Z,position,1185,19.0805796,72.8766859,5.960000514984131,0.0,44.35000228881836,-1.0,0.0,0.0,0.0,34.959999084472656,1012.552734375,-0.09329849481582642,-0.10168235749006271,-45.633384704589844,,,,,,,,,,2025-07-24T15:02:56.645Z,1753349576,0.0,0.0,2.841150999069214
2025-07-24T09:32:56.867+00:00Z,position,1186,19.0805796,72.8766859,5.960000514984131,0.0,44.35000228881836,-1.0,0.0,0.0,0.0,34.959999084472656,1012.5458984375,-0.09434718638658524,-0.10290198773145676,-45.633087158203125,,,,,,,,,,2025-07-24T15:02:56.867Z,1753349576,0.0,0.0,2.8494954109191895
2025-07-24T09:32:57.137+00:00Z,position,1187,19.0805796,72.8766859,5.960000514984131,0.0,44.35000228881836,-1.0,0.0,0.0,0.0,34.959999084472656,1012.5458984375,-0.09510307759046555,-0.10171506553888321,-45.63300323486328,,,,,,,,,,2025-07-24T15:02:57.137Z,1753349577,0.0,0.0,2.858931541442871
2025-07-24T09:32:57.360+00:00Z,position,1188,19.0805796,72.8766859,5.960000514984131,0.0,44.349002838134766,-1.0,0.0,0.0,0.0,34.959999084472656,1012.5543823242188,-0.09476300328969955,-0.10229895263910294,-45.63373565673828,,,,,,,,,,2025-07-24T15:02:57.360Z,1753349577,0.0,0.0,2.8690476417541504
2025-07-24T09:32:57.612+00:00Z,position,1189,19.0805796,72.8766859,5.960000514984131,0.0,44.349002838134766,-1.0,0.0,0.0,0.0,34.959999084472656,1012.5543823242188,-0.09445490688085556,-0.10457523167133331,-45.63417434692383,,,,,,,,,,2025-07-24T15:02:57.612Z,1753349577,0.0,0.0,2.879532814025879
2025-07-24T09:32:57.851+00:00Z,position,1190,19.0805796,72.8766859,5.960000514984131,0.0,44.349002838134766,-1.0,0.0,0.0,0.0,34.959999084472656,1012.5477294921875,-0.09381057322025299,-0.1019643247127533,-45.633216857910156,,,,,,,,,,2025-07-24T15:02:57.851Z,1753349577,0.0,0.0,2.885554075241089
2025-07-24T09:32:58.105+00:00Z,position,1191,19.0805796,72.8766859,5.960000514984131,0.0,44.349002838134766,-1.0,0.0,0.0,0.0,34.959999084472656,1012.5140991210938,-0.09487225115299225,-0.10186583548784256,-45.633575439453125,,,,,,,,,,2025-07-24T15:02:58.105Z,1753349578,0.0,0.0,2.890970230102539
2025-07-24T09:32:58.368+00:00Z,position,1192,19.0805796,72.8766859,5.960000514984131,0.0,44.349002838134766,-1.0,0.0,0.0,0.0,34.959999084472656,1012.5140991210938,-0.09494735300540924,-0.1030559167265892,-45.63393020629883,,,,,,,,,,2025-07-24T15:02:58.368Z,1753349578,0.0,0.0,2.8974740505218506
2025-07-24T09:32:58.610+00:00Z,position,1193,19.0805796,72.8766859,5.960000514984131,0.0,44.349002838134766,-1.0,0.0,0.0,0.0,34.959999084472656,1012.5487060546875,-0.09652052074670792,-0.10370670258998871,-45.63357162475586,,,,,,,,,,2025-07-24T15:02:58.610Z,1753349578,0.0,0.0,2.9046926498413086
2025-07-24T09:32:58.852+00:00Z,position,1194,19.0805796,72.8766859,5.960000514984131,0.0,44.349002838134766,-1.0,0.0,0.0,0.0,34.959999084472656,1012.5487060546875,-0.09537879377603531,-0.10244414955377579,-45.63442611694336,,,,,,,,,,2025-07-24T15:02:58.852Z,1753349578,0.0,0.0,2.911330461502075
2025-07-24T09:32:59.115+00:00Z,position,1195,19.0805796,72.8766859,5.960000514984131,0.0,44.349002838134766,-1.0,0.0,0.0,0.0,34.959999084472656,1012.5530395507812,-0.09753818064928055,-0.10277670621871948,-45.63315963745117,,,,,,,,,,2025-07-24T15:02:59.115Z,1753349579,0.0,0.0,2.9157233238220215
2025-07-24T09:32:59.355+00:00Z,position,1196,19.0805796,72.8766859,5.960000514984131,0.0,44.349002838134766,-1.0,0.0,0.0,0.0,34.959999084472656,1012.5530395507812,-0.0971532091498375,-0.10239294916391373,-45.63330078125,,,,,,,,,,2025-07-24T15:02:59.355Z,1753349579,0.0,0.0,2.914515495300293
2025-07-24T09:32:59.601+00:00Z,position,1197,19.0805796,72.8766859,5.960000514984131,0.0,44.349002838134766,-1.0,0.0,0.0,0.0,34.959999084472656,1012.5385131835938,-0.09981618076562881,-0.1021035686135292,-45.632591247558594,,,,,,,,,,2025-07-24T15:02:59.601Z,1753349579,0.0,0.0,2.9128968715667725
2025-07-24T09:32:59.859+00:00Z,position,1198,19.0805796,72.8766859,5.960000514984131,0.0,44.349002838134766,-1.0,0.0,0.0,0.0,34.959999084472656,1012.5385131835938,-0.09844384342432022,-0.1034599021077156,-45.63373565673828,,,,,,,,,,2025-07-24T15:02:59.858Z,1753349579,0.0,0.0,2.911320686340332
2025-07-24T09:33:00.116+00:00Z,position,1199,19.0805796,72.8766859,5.960000514984131,0.0,44.349002838134766,-1.0,0.0,0.0,0.0,34.959999084472656,1012.5490112304688,-0.09869009256362915,-0.10536700487136841,-45.63365936279297,,,,,,,,,,2025-07-24T15:03:00.116Z,1753349580,0.0,0.0,2.909548759460449
2025-07-24T09:33:00.358+00:00Z,position,1200,19.0805796,72.8766859,5.960000514984131,0.0,44.349002838134766,-1.0,0.0,0.0,0.0,34.959999084472656,1012.5490112304688,-0.09932743012905121,-0.1025991439819336,-45.63420104980469,,,,,,,,,,2025-07-24T15:03:00.358Z,1753349580,0.0,0.0,2.9072585105895996
2025-07-24T09:33:00.624+00:00Z,position,1201,19.0805796,72.8766859,5.960000514984131,0.0,44.349002838134766,-1.0,0.0,0.0,0.0,34.959999084472656,1012.5198364257812,-0.1005621999502182,-0.10377570986747742,-45.633846282958984,,,,,,,,,,2025-07-24T15:03:00.624Z,1753349580,0.0,0.0,2.9083197116851807
2025-07-24T09:33:00.862+00:00Z,position,1202,19.0805796,72.8766859,5.960000514984131,0.0,44.349002838134766,-1.0,0.0,0.0,0.0,34.959999084472656,1012.5198364257812,-0.09992452710866928,-0.10293471068143845,-45.63383865356445,,,,,,,,,,2025-07-24T15:03:00.862Z,1753349580,0.0,0.0,2.9116830825805664
2025-07-24T09:33:01.109+00:00Z,position,1203,19.0805796,72.8766859,5.960000514984131,0.0,44.349002838134766,-1.0,0.0,0.0,0.0,34.959999084472656,1012.5236206054688,-0.10182666033506393,-0.10214769095182419,-45.633323669433594,,,,,,,,,,2025-07-24T15:03:01.109Z,1753349581,0.0,0.0,2.915353536605835
2025-07-24T09:33:01.352+00:00Z,position,1204,19.0805796,72.8766859,5.960000514984131,0.0,44.349002838134766,-1.0,0.0,0.0,0.0,34.959999084472656,1012.5572509765625,-0.10207542032003403,-0.10270491987466812,-45.633792877197266,,,,,,,,,,2025-07-24T15:03:01.352Z,1753349581,0.0,0.0,2.919156074523926
2025-07-24T09:33:01.596+00:00Z,position,1205,19.0805796,72.8766859,5.960000514984131,0.0,44.34800338745117,-1.0,0.0,0.0,0.0,34.959999084472656,1012.5572509765625,-0.10187535732984543,-0.10428086668252945,-45.634368896484375,,,,,,,,,,2025-07-24T15:03:01.596Z,1753349581,0.0,0.0,2.923436403274536
2025-07-24T09:33:01.859+00:00Z,position,1206,19.0805796,72.8766859,5.960000514984131,0.0,44.34800338745117,-1.0,0.0,0.0,0.0,34.959999084472656,1012.5272216796875,-0.102859266102314,-0.10380534827709198,-45.63379669189453,,,,,,,,,,2025-07-24T15:03:01.859Z,1753349581,0.0,0.0,2.9275200366973877
2025-07-24T09:33:02.113+00:00Z,position,1207,19.0805796,72.8766859,5.960000514984131,0.0,44.34800338745117,-1.0,0.0,0.0,0.0,34.959999084472656,1012.5272216796875,-0.10479849576950073,-0.10239867120981216,-45.634098052978516,,,,,,,,,,2025-07-24T15:03:02.113Z,1753349582,0.0,0.0,2.9352617263793945
2025-07-24T09:33:02.367+00:00Z,position,1208,19.0805796,72.8766859,5.960000514984131,0.0,44.34800338745117,-1.0,0.0,0.0,0.0,34.959999084472656,1012.53076171875,-0.10599921643733978,-0.10470674932003021,-45.63359832763672,,,,,,,,,,2025-07-24T15:03:02.367Z,1753349582,0.0,0.0,2.942690372467041
2025-07-24T09:33:02.610+00:00Z,position,1209,19.0805796,72.8766859,5.960000514984131,0.0,44.34800338745117,-1.0,0.0,0.0,0.0,34.959999084472656,1012.53076171875,-0.10459453612565994,-0.10329937934875488,-45.6348876953125,,,,,,,,,,2025-07-24T15:03:02.610Z,1753349582,0.0,0.0,2.9487810134887695
2025-07-24T09:33:02.861+00:00Z,position,1210,19.0805796,72.8766859,5.960000514984131,0.0,44.34800338745117,-1.0,0.0,0.0,0.0,34.959999084472656,1012.5233154296875,-0.10607355087995529,-0.10476323962211609,-45.63420486450195,,,,,,,,,,2025-07-24T15:03:02.861Z,1753349582,0.0,0.0,2.954274892807007
2025-07-24T09:33:03.116+00:00Z,position,1211,19.0805796,72.8766859,5.960000514984131,0.0,44.34800338745117,-1.0,0.0,0.0,0.0,34.959999084472656,1012.5233154296875,-0.10497014969587326,-0.10452478379011154,-45.6357307434082,,,,,,,,,,2025-07-24T15:03:03.116Z,1753349583,0.0,0.0,2.9583852291107178
2025-07-24T09:33:03.357+00:00Z,position,1212,19.0805796,72.8766859,5.960000514984131,0.0,44.34800338745117,-1.0,0.0,0.0,0.0,34.959999084472656,1012.5283203125,-0.10603590309619904,-0.10685590654611588,-45.63452911376953,,,,,,,,,,2025-07-24T15:03:03.357Z,1753349583,0.0,0.0,2.9607114791870117
2025-07-24T09:33:03.608+00:00Z,position,1213,19.0805796,72.8766859,5.960000514984131,0.0,44.34800338745117,-1.0,0.0,0.0,0.0,34.959999084472656,1012.5283203125,-0.10447925329208374,-0.10539722442626953,-45.63499069213867,,,,,,,,,,2025-07-24T15:03:03.608Z,1753349583,0.0,0.0,2.957944631576538
2025-07-24T09:33:03.869+00:00Z,position,1214,19.0805796,72.8766859,5.960000514984131,0.0,44.34800338745117,-1.0,0.0,0.0,0.0,34.959999084472656,1012.5480346679688,-0.10592050105333328,-0.1055336520075798,-45.634525299072266,,,,,,,,,,2025-07-24T15:03:03.869Z,1753349583,0.0,0.0,2.9555165767669678
2025-07-24T09:33:04.113+00:00Z,position,1215,19.0805796,72.8766859,5.960000514984131,0.0,44.34800338745117,-1.0,0.0,0.0,0.0,34.959999084472656,1012.5480346679688,-0.1067889854311943,-0.10704394429922104,-45.63469314575195,,,,,,,,,,2025-07-24T15:03:04.113Z,1753349584,0.0,0.0,2.953619956970215
2025-07-24T09:33:04.356+00:00Z,position,1216,19.0805796,72.8766859,5.960000514984131,0.0,44.34800338745117,-1.0,0.0,0.0,0.0,34.959999084472656,1012.544189453125,-0.1053723618388176,-0.10579865425825119,-45.635379791259766,,,,,,,,,,2025-07-24T15:03:04.356Z,1753349584,0.0,0.0,2.9524238109588623
2025-07-24T09:33:04.615+00:00Z,position,1217,19.0805796,72.8766859,5.960000514984131,0.0,44.34800338745117,-1.0,0.0,0.0,0.0,34.959999084472656,1012.544189453125,-0.10616932809352875,-0.10647515207529068,-45.634639739990234,,,,,,,,,,2025-07-24T15:03:04.615Z,1753349584,0.0,0.0,2.9517440795898438
2025-07-24T09:33:04.862+00:00Z,position,1218,19.0805796,72.8766859,5.960000514984131,0.0,44.34800338745117,-1.0,0.0,0.0,0.0,34.959999084472656,1012.5391845703125,-0.10676150768995285,-0.10611895471811295,-45.63419723510742,,,,,,,,,,2025-07-24T15:03:04.862Z,1753349584,0.0,0.0,2.952115297317505
2025-07-24T09:33:05.112+00:00Z,position,1219,19.0805796,72.8766859,5.960000514984131,0.0,44.34800338745117,-1.0,0.0,0.0,0.0,34.959999084472656,1012.5391845703125,-0.10588966310024261,-0.1071358174085617,-45.63479995727539,,,,,,,,,,2025-07-24T15:03:05.112Z,1753349585,0.0,0.0,2.953035354614258
2025-07-24T09:33:05.360+00:00Z,position,1220,19.0805796,72.8766859,5.960000514984131,0.0,44.34700393676758,-1.0,0.0,0.0,0.0,34.959999084472656,1012.518798828125,-0.10673234611749649,-0.10560928285121918,-45.63417053222656,,,,,,,,,,2025-07-24T15:03:05.360Z,1753349585,0.0,0.0,2.9534735679626465
2025-07-24T09:33:05.607+00:00Z,position,1221,19.0805796,72.8766859,5.960000514984131,0.0,44.34700393676758,-1.0,0.0,0.0,0.0,34.959999084472656,1012.518798828125,-0.10594328492879868,-0.10603322833776474,-45.63455581665039,,,,,,,,,,2025-07-24T15:03:05.607Z,1753349585,0.0,0.0,2.9538636207580566
2025-07-24T09:33:05.858+00:00Z,position,1222,19.0805796,72.8766859,5.960000514984131,0.0,44.34700393676758,-1.0,0.0,0.0,0.0,34.959999084472656,1012.537841796875,-0.10652496665716171,-0.10619479417800903,-45.6337890625,,,,,,,,,,2025-07-24T15:03:05.858Z,1753349585,0.0,0.0,2.9539244174957275
2025-07-24T09:33:06.104+00:00Z,position,1223,19.0805796,72.8766859,5.960000514984131,0.0,44.34700393676758,-1.0,0.0,0.0,0.0,34.959999084472656,1012.537841796875,-0.10531030595302582,-0.10644099116325378,-45.63478088378906,,,,,,,,,,2025-07-24T15:03:06.104Z,1753349586,0.0,0.0,2.9535741806030273
2025-07-24T09:33:06.353+00:00Z,position,1224,19.0805796,72.8766859,5.960000514984131,0.0,44.34700393676758,-1.0,0.0,0.0,0.0,34.959999084472656,1012.5244140625,-0.10313127934932709,-0.10597793012857437,-45.63439178466797,,,,,,,,,,2025-07-24T15:03:06.353Z,1753349586,0.0,0.0,2.9461376667022705
2025-07-24T09:33:06.603+00:00Z,position,1225,19.0805796,72.8766859,5.960000514984131,0.0,44.34700393676758,-1.0,0.0,0.0,0.0,34.959999084472656,1012.5244140625,-0.10374177992343903,-0.10626894235610962,-45.63458251953125,,,,,,,,,,2025-07-24T15:03:06.603Z,1753349586,0.0,0.0,2.935770034790039
2025-07-24T09:33:06.856+00:00Z,position,1226,19.0805796,72.8766859,5.960000514984131,0.0,44.34700393676758,-1.0,0.0,0.0,0.0,34.959999084472656,1012.5458984375,-0.10172480344772339,-0.10629499703645706,-45.63469314575195,,,,,,,,,,2025-07-24T15:03:06.856Z,1753349586,0.0,0.0,2.926624059677124
2025-07-24T09:33:07.118+00:00Z,position,1227,19.0805796,72.8766859,5.960000514984131,0.0,44.34700393676758,-1.0,0.0,0.0,0.0,34.959999084472656,1012.5458984375,-0.10254788398742676,-0.10556775331497192,-45.63406753540039,,,,,,,,,,2025-07-24T15:03:07.118Z,1753349587,0.0,0.0,2.917391777038574
2025-07-24T09:33:07.359+00:00Z,position,1228,19.0805796,72.8766859,5.960000514984131,0.0,44.34700393676758,-1.0,0.0,0.0,0.0,34.959999084472656,1012.5336303710938,-0.10267039388418198,-0.10649541765451431,-45.63390350341797,,,,,,,,,,2025-07-24T15:03:07.359Z,1753349587,0.0,0.0,2.908613681793213
2025-07-24T09:33:07.615+00:00Z,position,1229,19.0805796,72.8766859,5.960000514984131,0.0,44.34700393676758,-1.0,0.0,0.0,0.0,34.959999084472656,1012.5336303710938,-0.10399432480335236,-0.10601132363080978,-45.6337890625,,,,,,,,,,2025-07-24T15:03:07.615Z,1753349587,0.0,0.0,2.9008631706237793
2025-07-24T09:33:07.884+00:00Z,position,1230,19.0805796,72.8766859,5.960000514984131,0.0,44.34700393676758,-1.0,0.0,0.0,0.0,34.959999084472656,1012.5318603515625,-0.10404721647500992,-0.10659769922494888,-45.634037017822266,,,,,,,,,,2025-07-24T15:03:07.884Z,1753349587,0.0,0.0,2.8957395553588867
2025-07-24T09:33:08.122+00:00Z,position,1231,19.0805796,72.8766859,5.960000514984131,0.0,44.34700393676758,-1.0,0.0,0.0,0.0,34.959999084472656,1012.552734375,-0.10273212939500809,-0.10714662075042725,-45.634910583496094,,,,,,,,,,2025-07-24T15:03:08.122Z,1753349588,0.0,0.0,2.8901185989379883
2025-07-24T09:33:08.353+00:00Z,position,1232,19.0805796,72.8766859,5.960000514984131,0.0,44.34700393676758,-1.0,0.0,0.0,0.0,34.959999084472656,1012.552734375,-0.10285648703575134,-0.10634328424930573,-45.6346435546875,,,,,,,,,,2025-07-24T15:03:08.353Z,1753349588,0.0,0.0,2.8846237659454346
2025-07-24T09:33:08.605+00:00Z,position,1233,19.0805796,72.8766859,5.960000514984131,0.0,44.34700393676758,-1.0,0.0,0.0,0.0,34.959999084472656,1012.5374145507812,-0.10328014194965363,-0.10703407973051071,-45.6348876953125,,,,,,,,,,2025-07-24T15:03:08.605Z,1753349588,0.0,0.0,2.8789939880371094
2025-07-24T09:33:08.874+00:00Z,position,1234,19.0805796,72.8766859,5.960000514984131,0.0,44.34700393676758,-1.0,0.0,0.0,0.0,34.959999084472656,1012.5374145507812,-0.10222365707159042,-0.10561486333608627,-45.63478088378906,,,,,,,,,,2025-07-24T15:03:08.874Z,1753349588,0.0,0.0,2.8733277320861816
2025-07-24T09:33:09.120+00:00Z,position,1235,19.0805796,72.8766859,5.960000514984131,0.0,44.34600067138672,-1.0,0.0,0.0,0.0,34.959999084472656,1012.514892578125,-0.10221365839242935,-0.1074705719947815,-45.63499450683594,,,,,,,,,,2025-07-24T15:03:09.120Z,1753349589,0.0,0.0,2.8696842193603516
2025-07-24T09:33:09.360+00:00Z,position,1236,19.0805796,72.8766859,5.960000514984131,0.0,44.34600067138672,-1.0,0.0,0.0,0.0,34.959999084472656,1012.514892578125,-0.10319630056619644,-0.10644799470901489,-45.634254455566406,,,,,,,,,,2025-07-24T15:03:09.360Z,1753349589,0.0,0.0,2.872230052947998
2025-07-24T09:33:09.611+00:00Z,position,1237,19.0805796,72.8766859,5.960000514984131,0.0,44.34600067138672,-1.0,0.0,0.0,0.0,34.959999084472656,1012.5223388671875,-0.10286425799131393,-0.10669425874948502,-45.63466262817383,,,,,,,,,,2025-07-24T15:03:09.611Z,1753349589,0.0,0.0,2.8746564388275146
2025-07-24T09:33:09.856+00:00Z,position,1238,19.0805796,72.8766859,5.960000514984131,0.0,44.34600067138672,-1.0,0.0,0.0,0.0,34.959999084472656,1012.5223388671875,-0.10403928905725479,-0.10597141087055206,-45.63409423828125,,,,,,,,,,2025-07-24T15:03:09.856Z,1753349589,0.0,0.0,2.876971483230591
2025-07-24T09:33:10.111+00:00Z,position,1239,19.0805796,72.8766859,5.960000514984131,0.0,44.34600067138672,-1.0,0.0,0.0,0.0,34.959999084472656,1012.5265502929688,-0.10283003002405167,-0.1060805544257164,-45.635074615478516,,,,,,,,,,2025-07-24T15:03:10.111Z,1753349590,0.0,0.0,2.879056453704834
2025-07-24T09:33:10.360+00:00Z,position,1240,19.0805796,72.8766859,5.960000514984131,0.0,44.34600067138672,-1.0,0.0,0.0,0.0,34.959999084472656,1012.5265502929688,-0.1019996777176857,-0.10626178979873657,-45.63523864746094,,,,,,,,,,2025-07-24T15:03:10.360Z,1753349590,0.0,0.0,2.8812475204467773
2025-07-24T09:33:10.604+00:00Z,position,1241,19.0805796,72.8766859,5.960000514984131,0.0,44.34600067138672,-1.0,0.0,0.0,0.0,34.959999084472656,1012.5509033203125,-0.10313829779624939,-0.10685920715332031,-45.63393020629883,,,,,,,,,,2025-07-24T15:03:10.604Z,1753349590,0.0,0.0,2.8823540210723877
2025-07-24T09:33:10.860+00:00Z,position,1242,19.0805796,72.8766859,5.960000514984131,0.0,44.34600067138672,-1.0,0.0,0.0,0.0,34.959999084472656,1012.5509033203125,-0.10254643112421036,-0.10505881905555725,-45.63428497314453,,,,,,,,,,2025-07-24T15:03:10.860Z,1753349590,0.0,0.0,2.8827943801879883
2025-07-24T09:33:11.108+00:00Z,position,1243,19.0805796,72.8766859,5.960000514984131,0.0,44.34600067138672,-1.0,0.0,0.0,0.0,34.959999084472656,1012.5244140625,-0.1019592210650444,-0.10628317296504974,-45.63471984863281,,,,,,,,,,2025-07-24T15:03:11.108Z,1753349591,0.0,0.0,2.8846778869628906
2025-07-24T09:33:11.346+00:00Z,position,1244,19.0805796,72.8766859,5.960000514984131,0.0,44.34600067138672,-1.0,0.0,0.0,0.0,34.959999084472656,1012.5244140625,-0.10106898844242096,-0.10560597479343414,-45.634368896484375,,,,,,,,,,2025-07-24T15:03:11.346Z,1753349591,0.0,0.0,2.8867719173431396
2025-07-24T09:33:11.616+00:00Z,position,1245,19.0805796,72.8766859,5.960000514984131,0.0,44.34600067138672,-1.0,0.0,0.0,0.0,34.959999084472656,1012.5498046875,-0.10218585282564163,-0.10736726969480515,-45.63444900512695,,,,,,,,,,2025-07-24T15:03:11.616Z,1753349591,0.0,0.0,2.8883056640625
2025-07-24T09:33:11.853+00:00Z,position,1246,19.0805796,72.8766859,5.960000514984131,0.0,44.34600067138672,-1.0,0.0,0.0,0.0,34.959999084472656,1012.5498046875,-0.10207181423902512,-0.10682039707899094,-45.63365936279297,,,,,,,,,,2025-07-24T15:03:11.853Z,1753349591,0.0,0.0,2.8899314403533936
2025-07-24T09:33:12.110+00:00Z,position,1247,19.0805796,72.8766859,5.960000514984131,0.0,44.34600067138672,-1.0,0.0,0.0,0.0,34.959999084472656,1012.5180053710938,-0.10112578421831131,-0.10670459270477295,-45.634098052978516,,,,,,,,,,2025-07-24T15:03:12.110Z,1753349592,0.0,0.0,2.895198345184326
2025-07-24T09:33:12.380+00:00Z,position,1248,19.0805796,72.8766859,5.960000514984131,0.0,44.34600067138672,-1.0,0.0,0.0,0.0,34.959999084472656,1012.5180053710938,-0.1013268455862999,-0.10468918830156326,-45.63359832763672,,,,,,,,,,2025-07-24T15:03:12.380Z,1753349592,0.0,0.0,2.9010326862335205
2025-07-24T09:33:12.617+00:00Z,position,1249,19.0805796,72.8766859,5.960000514984131,0.0,44.34600067138672,-1.0,0.0,0.0,0.0,34.959999084472656,1012.5447998046875,-0.09938506036996841,-0.1046215072274208,-45.634613037109375,,,,,,,,,,2025-07-24T15:03:12.617Z,1753349592,0.0,0.0,2.9064996242523193
2025-07-24T09:33:12.869+00:00Z,position,1250,19.0805796,72.8766859,5.960000514984131,0.0,44.34600067138672,-1.0,0.0,0.0,0.0,34.959999084472656,1012.5447998046875,-0.09918441623449326,-0.1063721552491188,-45.63441848754883,,,,,,,,,,2025-07-24T15:03:12.869Z,1753349592,0.0,0.0,2.9117095470428467
2025-07-24T09:33:13.115+00:00Z,position,1251,19.0805796,72.8766859,5.960000514984131,0.0,44.345001220703125,-1.0,0.0,0.0,0.0,34.959999084472656,1012.5310668945312,-0.09895359724760056,-0.10533898323774338,-45.63386917114258,,,,,,,,,,2025-07-24T15:03:13.115Z,1753349593,0.0,0.0,2.916400194168091
2025-07-24T09:33:13.370+00:00Z,position,1252,19.0805796,72.8766859,5.960000514984131,0.0,44.345001220703125,-1.0,0.0,0.0,0.0,34.959999084472656,1012.5310668945312,-0.09861418604850769,-0.10512098670005798,-45.63396072387695,,,,,,,,,,2025-07-24T15:03:13.370Z,1753349593,0.0,0.0,2.9197773933410645
2025-07-24T09:33:13.610+00:00Z,position,1253,19.0805796,72.8766859,5.960000514984131,0.0,44.345001220703125,-1.0,0.0,0.0,0.0,34.959999084472656,1012.5391845703125,-0.09797702729701996,-0.10735328495502472,-45.634037017822266,,,,,,,,,,2025-07-24T15:03:13.610Z,1753349593,0.0,0.0,2.9168949127197266
2025-07-24T09:33:13.854+00:00Z,position,1254,19.0805796,72.8766859,5.960000514984131,0.0,44.345001220703125,-1.0,0.0,0.0,0.0,34.959999084472656,1012.5128173828125,-0.09815802425146103,-0.10461655259132385,-45.63390350341797,,,,,,,,,,2025-07-24T15:03:13.854Z,1753349593,0.0,0.0,2.914027214050293
2025-07-24T09:33:14.103+00:00Z,position,1255,19.0805796,72.8766859,5.960000514984131,0.0,44.345001220703125,-1.0,0.0,0.0,0.0,34.959999084472656,1012.5128173828125,-0.09823001176118851,-0.10434732586145401,-45.63384246826172,,,,,,,,,,2025-07-24T15:03:14.103Z,1753349594,0.0,0.0,2.911264181137085
2025-07-24T09:33:14.362+00:00Z,position,1256,19.0805796,72.8766859,5.960000514984131,0.0,44.345001220703125,-1.0,0.0,0.0,0.0,34.959999084472656,1012.533935546875,-0.0981779620051384,-0.10560595989227295,-45.63414764404297,,,,,,,,,,2025-07-24T15:03:14.362Z,1753349594,0.0,0.0,2.9087119102478027
2025-07-24T09:33:14.617+00:00Z,position,1257,19.0805796,72.8766859,5.960000514984131,0.0,44.345001220703125,-1.0,0.0,0.0,0.0,34.959999084472656,1012.533935546875,-0.09822582453489304,-0.1067558154463768,-45.63359832763672,,,,,,,,,,2025-07-24T15:03:14.617Z,1753349594,0.0,0.0,2.906158208847046
2025-07-24T09:33:14.852+00:00Z,position,1258,19.0805796,72.8766859,5.960000514984131,0.0,44.345001220703125,-1.0,0.0,0.0,0.0,34.959999084472656,1012.5558471679688,-0.09727337211370468,-0.1041727289557457,-45.63349151611328,,,,,,,,,,2025-07-24T15:03:14.852Z,1753349594,0.0,0.0,2.9021055698394775
2025-07-24T09:33:15.103+00:00Z,position,1259,19.0805796,72.8766859,5.960000514984131,0.0,44.345001220703125,-1.0,0.0,0.0,0.0,34.959999084472656,1012.5558471679688,-0.09566929936408997,-0.10505766421556473,-45.63373947143555,,,,,,,,,,2025-07-24T15:03:15.103Z,1753349595,0.0,0.0,2.8965258598327637
2025-07-24T09:33:15.371+00:00Z,position,1260,19.0805796,72.8766859,5.960000514984131,0.0,44.345001220703125,-1.0,0.0,0.0,0.0,34.959999084472656,1012.5447998046875,-0.09589074552059174,-0.10324452072381973,-45.633602142333984,,,,,,,,,,2025-07-24T15:03:15.371Z,1753349595,0.0,0.0,2.890984296798706
2025-07-24T09:33:15.596+00:00Z,position,1261,19.0805796,72.8766859,5.960000514984131,0.0,44.345001220703125,-1.0,0.0,0.0,0.0,34.959999084472656,1012.5447998046875,-0.09549009054899216,-0.1039929986000061,-45.63308334350586,,,,,,,,,,2025-07-24T15:03:15.596Z,1753349595,0.0,0.0,2.8860960006713867
2025-07-24T09:33:16.128+00:00Z,position,1262,19.0805796,72.8766859,5.960000514984131,0.0,44.345001220703125,-1.0,0.0,0.0,0.0,34.959999084472656,1012.5374145507812,-0.0946851521730423,-0.10552393645048141,-45.633384704589844,,,,,,,,,,2025-07-24T15:03:16.128Z,1753349596,0.0,0.0,2.8813321590423584
2025-07-24T09:33:16.370+00:00Z,position,1263,19.0805796,72.8766859,5.960000514984131,0.0,44.345001220703125,-1.0,0.0,0.0,0.0,34.959999084472656,1012.53466796875,-0.09388416260480881,-0.10413087904453278,-45.63390350341797,,,,,,,,,,2025-07-24T15:03:16.370Z,1753349596,0.0,0.0,2.878174304962158
2025-07-24T09:33:16.610+00:00Z,position,1264,19.0805796,72.8766859,5.960000514984131,0.0,44.345001220703125,-1.0,0.0,0.0,0.0,34.959999084472656,1012.53466796875,-0.09554588794708252,-0.10490402579307556,-45.63332748413086,,,,,,,,,,2025-07-24T15:03:16.610Z,1753349596,0.0,0.0,2.881847381591797
2025-07-24T09:33:16.863+00:00Z,position,1265,19.0805796,72.8766859,5.960000514984131,0.0,44.34400177001953,-1.0,0.0,0.0,0.0,34.959999084472656,1012.5431518554688,-0.09455523639917374,-0.10424837470054626,-45.633934020996094,,,,,,,,,,2025-07-24T15:03:16.863Z,1753349596,0.0,0.0,2.885789155960083
2025-07-24T09:33:17.118+00:00Z,position,1266,19.0805796,72.8766859,5.960000514984131,0.0,44.34400177001953,-1.0,0.0,0.0,0.0,34.959999084472656,1012.5431518554688,-0.09421826899051666,-0.10431694984436035,-45.63406753540039,,,,,,,,,,2025-07-24T15:03:17.118Z,1753349597,0.0,0.0,2.8899827003479004
2025-07-24T09:33:17.366+00:00Z,position,1267,19.0805796,72.8766859,5.960000514984131,0.0,44.34400177001953,-1.0,0.0,0.0,0.0,34.959999084472656,1012.5137939453125,-0.09512298554182053,-0.10442201048135757,-45.63341522216797,,,,,,,,,,2025-07-24T15:03:17.366Z,1753349597,0.0,0.0,2.8942198753356934
2025-07-24T09:33:17.629+00:00Z,position,1268,19.0805796,72.8766859,5.960000514984131,0.0,44.34400177001953,-1.0,0.0,0.0,0.0,34.959999084472656,1012.5137939453125,-0.0961877852678299,-0.10366614907979965,-45.63322067260742,,,,,,,,,,2025-07-24T15:03:17.629Z,1753349597,0.0,0.0,2.898474931716919
2025-07-24T09:33:17.852+00:00Z,position,1269,19.0805796,72.8766859,5.960000514984131,0.0,44.34400177001953,-1.0,0.0,0.0,0.0,34.959999084472656,1012.5209350585938,-0.09532295167446136,-0.10361792892217636,-45.63373947143555,,,,,,,,,,2025-07-24T15:03:17.852Z,1753349597,0.0,0.0,2.901667833328247
2025-07-24T09:33:18.107+00:00Z,position,1270,19.0805796,72.8766859,5.960000514984131,0.0,44.34400177001953,-1.0,0.0,0.0,0.0,34.959999084472656,1012.5209350585938,-0.09577164053916931,-0.10271235555410385,-45.63289260864258,,,,,,,,,,2025-07-24T15:03:18.107Z,1753349598,0.0,0.0,2.904771566390991
2025-07-24T09:33:18.349+00:00Z,position,1271,19.0805796,72.8766859,5.960000514984131,0.0,44.34400177001953,-1.0,0.0,0.0,0.0,34.959999084472656,1012.537841796875,-0.0963573083281517,-0.10427160561084747,-45.633358001708984,,,,,,,,,,2025-07-24T15:03:18.349Z,1753349598,0.0,0.0,2.9076197147369385
2025-07-24T09:33:18.605+00:00Z,position,1272,19.0805796,72.8766859,5.960000514984131,0.0,44.34400177001953,-1.0,0.0,0.0,0.0,34.959999084472656,1012.5254516601562,-0.09469836205244064,-0.10278540104627609,-45.63343811035156,,,,,,,,,,2025-07-24T15:03:18.604Z,1753349598,0.0,0.0,2.9106006622314453
2025-07-24T09:33:18.876+00:00Z,position,1273,19.0805796,72.8766859,5.960000514984131,0.0,44.34400177001953,-1.0,0.0,0.0,0.0,34.959999084472656,1012.5254516601562,-0.09534250199794769,-0.1037592962384224,-45.63373565673828,,,,,,,,,,2025-07-24T15:03:18.875Z,1753349598,0.0,0.0,2.913182497024536
2025-07-24T09:33:19.113+00:00Z,position,1274,19.0805796,72.8766859,5.960000514984131,0.0,44.34400177001953,-1.0,0.0,0.0,0.0,34.959999084472656,1012.5236206054688,-0.09411259740591049,-0.10373184829950333,-45.63385009765625,,,,,,,,,,2025-07-24T15:03:19.113Z,1753349599,0.0,0.0,2.915139675140381
2025-07-24T09:33:19.366+00:00Z,position,1275,19.0805796,72.8766859,5.960000514984131,0.0,44.34400177001953,-1.0,0.0,0.0,0.0,34.959999084472656,1012.5236206054688,-0.09650029242038727,-0.1044265478849411,-45.6334342956543,,,,,,,,,,2025-07-24T15:03:19.366Z,1753349599,0.0,0.0,2.9126176834106445
2025-07-24T09:33:19.611+00:00Z,position,1276,19.0805796,72.8766859,5.960000514984131,0.0,44.34400177001953,-1.0,0.0,0.0,0.0,34.959999084472656,1012.5236206054688,-0.09482686966657639,-0.10346045345067978,-45.634124755859375,,,,,,,,,,2025-07-24T15:03:19.611Z,1753349599,0.0,0.0,2.9105076789855957
2025-07-24T09:33:19.871+00:00Z,position,1277,19.0805796,72.8766859,5.960000514984131,0.0,44.34400177001953,-1.0,0.0,0.0,0.0,34.959999084472656,1012.5236206054688,-0.09663435816764832,-0.10344328731298447,-45.63313674926758,,,,,,,,,,2025-07-24T15:03:19.871Z,1753349599,0.0,0.0,2.9078030586242676
2025-07-24T09:33:20.117+00:00Z,position,1278,19.0805796,72.8766859,5.960000514984131,0.0,44.34400177001953,-1.0,0.0,0.0,0.0,34.959999084472656,1012.5140991210938,-0.09749479591846466,-0.10518375039100647,-45.63325119018555,,,,,,,,,,2025-07-24T15:03:20.117Z,1753349600,0.0,0.0,2.9049506187438965
2025-07-24T09:33:20.356+00:00Z,position,1279,19.0805796,72.8766859,5.960000514984131,0.0,44.34400177001953,-1.0,0.0,0.0,0.0,34.959999084472656,1012.5140991210938,-0.0947919711470604,-0.10336429625749588,-45.633060455322266,,,,,,,,,,2025-07-24T15:03:20.356Z,1753349600,0.0,0.0,2.9019205570220947
2025-07-24T09:33:20.621+00:00Z,position,1280,19.0805796,72.8766859,5.960000514984131,0.0,44.34300231933594,-1.0,0.0,0.0,0.0,34.959999084472656,1012.5368041992188,-0.09523575007915497,-0.10460405796766281,-45.63311004638672,,,,,,,,,,2025-07-24T15:03:20.621Z,1753349600,0.0,0.0,2.898500680923462
2025-07-24T09:33:20.856+00:00Z,position,1281,19.0805796,72.8766859,5.960000514984131,0.0,44.34300231933594,-1.0,0.0,0.0,0.0,34.959999084472656,1012.5368041992188,-0.09452646970748901,-0.10619067400693893,-45.63379669189453,,,,,,,,,,2025-07-24T15:03:20.856Z,1753349600,0.0,0.0,2.8948583602905273
2025-07-24T09:33:21.116+00:00Z,position,1282,19.0805796,72.8766859,5.960000514984131,0.0,44.34300231933594,-1.0,0.0,0.0,0.0,34.959999084472656,1012.5244140625,-0.09460165351629257,-0.10664971172809601,-45.63325119018555,,,,,,,,,,2025-07-24T15:03:21.116Z,1753349601,0.0,0.0,2.8915398120880127
2025-07-24T09:33:21.368+00:00Z,position,1283,19.0805796,72.8766859,5.960000514984131,0.0,44.34300231933594,-1.0,0.0,0.0,0.0,34.959999084472656,1012.5244140625,-0.09382882714271545,-0.10621803253889084,-45.63373565673828,,,,,,,,,,2025-07-24T15:03:21.368Z,1753349601,0.0,0.0,2.8880772590637207
2025-07-24T09:33:21.624+00:00Z,position,1284,19.0805796,72.8766859,5.960000514984131,0.0,44.34300231933594,-1.0,0.0,0.0,0.0,34.959999084472656,1012.5424194335938,-0.09366557002067566,-0.10601720213890076,-45.633296966552734,,,,,,,,,,2025-07-24T15:03:21.624Z,1753349601,0.0,0.0,2.884765625
2025-07-24T09:33:21.847+00:00Z,position,1285,19.0805796,72.8766859,5.960000514984131,0.0,44.34300231933594,-1.0,0.0,0.0,0.0,34.959999084472656,1012.5424194335938,-0.09285774827003479,-0.10690639168024063,-45.633628845214844,,,,,,,,,,2025-07-24T15:03:21.847Z,1753349601,0.0,0.0,2.881304979324341
2025-07-24T09:33:22.120+00:00Z,position,1286,19.0805796,72.8766859,5.960000514984131,0.0,44.34300231933594,-1.0,0.0,0.0,0.0,34.959999084472656,1012.5140991210938,-0.09237976372241974,-0.10608481615781784,-45.63291931152344,,,,,,,,,,2025-07-24T15:03:22.120Z,1753349602,0.0,0.0,2.88452410697937
2025-07-24T09:33:22.367+00:00Z,position,1287,19.0805796,72.8766859,5.960000514984131,0.0,44.34300231933594,-1.0,0.0,0.0,0.0,34.959999084472656,1012.5140991210938,-0.09040475636720657,-0.10454845428466797,-45.63359832763672,,,,,,,,,,2025-07-24T15:03:22.367Z,1753349602,0.0,0.0,2.889942169189453
2025-07-24T09:33:22.618+00:00Z,position,1288,19.0805796,72.8766859,5.960000514984131,0.0,44.34300231933594,-1.0,0.0,0.0,0.0,34.959999084472656,1012.5447998046875,-0.09202073514461517,-0.10472801327705383,-45.63308334350586,,,,,,,,,,2025-07-24T15:03:22.618Z,1753349602,0.0,0.0,2.8958420753479004
2025-07-24T09:33:22.874+00:00Z,position,1289,19.0805796,72.8766859,5.960000514984131,0.0,44.34300231933594,-1.0,0.0,0.0,0.0,34.959999084472656,1012.5447998046875,-0.09105318784713745,-0.10380204021930695,-45.63396453857422,,,,,,,,,,2025-07-24T15:03:22.874Z,1753349602,0.0,0.0,2.901740789413452
2025-07-24T09:33:23.107+00:00Z,position,1290,19.0805796,72.8766859,5.960000514984131,0.0,44.34300231933594,-1.0,0.0,0.0,0.0,34.959999084472656,1012.514892578125,-0.09349218755960464,-0.10364359617233276,-45.63373947143555,,,,,,,,,,2025-07-24T15:03:23.107Z,1753349603,0.0,0.0,2.908245801925659
2025-07-24T09:33:23.360+00:00Z,position,1291,19.0805796,72.8766859,5.960000514984131,0.0,44.34300231933594,-1.0,0.0,0.0,0.0,34.959999084472656,1012.514892578125,-0.09505187720060349,-0.10424260795116425,-45.633056640625,,,,,,,,,,2025-07-24T15:03:23.359Z,1753349603,0.0,0.0,2.915137529373169
2025-07-24T09:33:23.613+00:00Z,position,1292,19.0805796,72.8766859,5.960000514984131,0.0,44.34300231933594,-1.0,0.0,0.0,0.0,34.959999084472656,1012.5424194335938,-0.09668201953172684,-0.10365038365125656,-45.6329231262207,,,,,,,,,,2025-07-24T15:03:23.613Z,1753349603,0.0,0.0,2.9339351654052734
2025-07-24T09:33:23.859+00:00Z,position,1293,19.0805796,72.8766859,5.960000514984131,0.0,44.34300231933594,-1.0,0.0,0.0,0.0,34.959999084472656,1012.5424194335938,-0.09696367383003235,-0.10453557968139648,-45.63329315185547,,,,,,,,,,2025-07-24T15:03:23.859Z,1753349603,0.0,0.0,2.95176362991333
2025-07-24T09:33:24.117+00:00Z,position,1294,19.0805796,72.8766859,5.960000514984131,0.0,44.34300231933594,-1.0,0.0,0.0,0.0,34.959999084472656,1012.5170288085938,-0.09708043187856674,-0.10421169549226761,-45.633056640625,,,,,,,,,,2025-07-24T15:03:24.117Z,1753349604,0.0,0.0,2.968773126602173
2025-07-24T09:33:24.377+00:00Z,position,1295,19.0805796,72.8766859,5.960000514984131,0.0,44.34300231933594,-1.0,0.0,0.0,0.0,34.959999084472656,1012.5170288085938,-0.09679487347602844,-0.10337955504655838,-45.63341522216797,,,,,,,,,,2025-07-24T15:03:24.377Z,1753349604,0.0,0.0,2.985445737838745
2025-07-24T09:33:24.611+00:00Z,position,1296,19.0805796,72.8766859,5.960000514984131,0.0,44.342002868652344,-1.0,0.0,0.0,0.0,34.959999084472656,1012.5480346679688,-0.09760064631700516,-0.1039273589849472,-45.63276290893555,,,,,,,,,,2025-07-24T15:03:24.611Z,1753349604,0.0,0.0,3.0004584789276123
2025-07-24T09:33:24.858+00:00Z,position,1297,19.0805796,72.8766859,5.960000514984131,0.0,44.342002868652344,-1.0,0.0,0.0,0.0,34.959999084472656,1012.5480346679688,-0.0959693118929863,-0.10210739076137543,-45.633628845214844,,,,,,,,,,2025-07-24T15:03:24.858Z,1753349604,0.0,0.0,3.0119476318359375
2025-07-24T09:33:25.107+00:00Z,position,1298,19.0805796,72.8766859,5.960000514984131,0.0,44.342002868652344,-1.0,0.0,0.0,0.0,34.959999084472656,1012.5233154296875,-0.09763242304325104,-0.10254567861557007,-45.63253402709961,,,,,,,,,,2025-07-24T15:03:25.107Z,1753349605,0.0,0.0,3.0190272331237793
2025-07-24T09:33:25.364+00:00Z,position,1299,19.0805796,72.8766859,5.960000514984131,0.0,44.342002868652344,-1.0,0.0,0.0,0.0,34.959999084472656,1012.5233154296875,-0.09552209824323654,-0.10285237431526184,-45.633026123046875,,,,,,,,,,2025-07-24T15:03:25.364Z,1753349605,0.0,0.0,3.0264172554016113
2025-07-24T09:33:25.609+00:00Z,position,1300,19.0805796,72.8766859,5.960000514984131,0.0,44.342002868652344,-1.0,0.0,0.0,0.0,34.959999084472656,1012.5452880859375,-0.09406005591154099,-0.10408930480480194,-45.6334342956543,,,,,,,,,,2025-07-24T15:03:25.609Z,1753349605,0.0,0.0,3.034543037414551
2025-07-24T09:33:25.859+00:00Z,position,1301,19.0805796,72.8766859,5.960000514984131,0.0,44.342002868652344,-1.0,0.0,0.0,0.0,34.959999084472656,1012.5293579101562,-0.09422069787979126,-0.1033291146159172,-45.632511138916016,,,,,,,,,,2025-07-24T15:03:25.859Z,1753349605,0.0,0.0,3.0420420169830322
2025-07-24T09:33:26.119+00:00Z,position,1302,19.0805796,72.8766859,5.960000514984131,0.0,44.342002868652344,-1.0,0.0,0.0,0.0,34.959999084472656,1012.5293579101562,-0.09341177344322205,-0.10267774015665054,-45.63308334350586,,,,,,,,,,2025-07-24T15:03:26.118Z,1753349606,0.0,0.0,3.0496907234191895
2025-07-24T09:33:26.349+00:00Z,position,1303,19.0805796,72.8766859,5.960000514984131,0.0,44.342002868652344,-1.0,0.0,0.0,0.0,34.959999084472656,1012.5159301757812,-0.0930996686220169,-0.10292650014162064,-45.63355255126953,,,,,,,,,,2025-07-24T15:03:26.349Z,1753349606,0.0,0.0,3.055955410003662
2025-07-24T09:33:26.601+00:00Z,position,1304,19.0805796,72.8766859,5.960000514984131,0.0,44.342002868652344,-1.0,0.0,0.0,0.0,34.959999084472656,1012.5159301757812,-0.09553800523281097,-0.10378511995077133,-45.63277816772461,,,,,,,,,,2025-07-24T15:03:26.601Z,1753349606,0.0,0.0,3.061154842376709
2025-07-24T09:33:26.862+00:00Z,position,1305,19.0805796,72.8766859,5.960000514984131,0.0,44.342002868652344,-1.0,0.0,0.0,0.0,34.959999084472656,1012.5140991210938,-0.09702223539352417,-0.10160820186138153,-45.632781982421875,,,,,,,,,,2025-07-24T15:03:26.862Z,1753349606,0.0,0.0,3.066480875015259
2025-07-24T09:33:27.118+00:00Z,position,1306,19.0805796,72.8766859,5.960000514984131,0.0,44.342002868652344,-1.0,0.0,0.0,0.0,34.959999084472656,1012.5140991210938,-0.09679775685071945,-0.10298670828342438,-45.63322067260742,,,,,,,,,,2025-07-24T15:03:27.118Z,1753349607,0.0,0.0,3.072206735610962
2025-07-24T09:33:27.361+00:00Z,position,1307,19.0805796,72.8766859,5.960000514984131,0.0,44.342002868652344,-1.0,0.0,0.0,0.0,34.959999084472656,1012.5469360351562,-0.09492658078670502,-0.10515281558036804,-45.63357162475586,,,,,,,,,,2025-07-24T15:03:27.361Z,1753349607,0.0,0.0,3.0780844688415527
2025-07-24T09:33:27.620+00:00Z,position,1308,19.0805796,72.8766859,5.960000514984131,0.0,44.342002868652344,-1.0,0.0,0.0,0.0,34.959999084472656,1012.5469360351562,-0.09543617814779282,-0.10579221695661545,-45.63231658935547,,,,,,,,,,2025-07-24T15:03:27.620Z,1753349607,0.0,0.0,3.0832839012145996
2025-07-24T09:33:27.873+00:00Z,position,1309,19.0805796,72.8766859,5.960000514984131,0.0,44.342002868652344,-1.0,0.0,0.0,0.0,34.959999084472656,1012.5431518554688,-0.09338828176259995,-0.10604598373174667,-45.63313293457031,,,,,,,,,,2025-07-24T15:03:27.873Z,1753349607,0.0,0.0,3.0861411094665527
2025-07-24T09:33:28.221+00:00Z,position,1310,19.0805796,72.8766859,5.960000514984131,0.0,44.342002868652344,-1.0,0.0,0.0,0.0,34.959999084472656,1012.5431518554688,-0.09338828176259995,-0.10604598373174667,-45.63313293457031,,,,,,,,,,2025-07-24T15:03:28.221Z,1753349608,0.0,0.0,3.08929705619812
2025-07-24T09:33:28.610+00:00Z,position,1311,19.0805796,72.8766859,5.960000514984131,0.0,44.342002868652344,-1.0,0.0,0.0,0.0,34.959999084472656,1012.5265502929688,-0.09227132797241211,-0.10214459151029587,-45.63329315185547,,,,,,,,,,2025-07-24T15:03:28.610Z,1753349608,0.0,0.0,3.098267078399658
2025-07-24T09:33:28.912+00:00Z,position,1312,19.0805796,72.8766859,5.960000514984131,0.0,44.34100341796875,-1.0,0.0,0.0,0.0,34.959999084472656,1012.5447998046875,-0.09256496280431747,-0.10399835556745529,-45.63262176513672,,,,,,,,,,2025-07-24T15:03:28.911Z,1753349608,0.0,0.0,3.1038403511047363
2025-07-24T09:33:29.138+00:00Z,position,1313,19.0805796,72.8766859,5.960000514984131,0.0,44.34100341796875,-1.0,0.0,0.0,0.0,34.959999084472656,1012.5447998046875,-0.09099036455154419,-0.1037771999835968,-45.633113861083984,,,,,,,,,,2025-07-24T15:03:29.138Z,1753349609,0.0,0.0,3.1085546016693115
2025-07-24T09:33:29.358+00:00Z,position,1314,19.0805796,72.8766859,5.960000514984131,0.0,44.34100341796875,-1.0,0.0,0.0,0.0,34.959999084472656,1012.5114135742188,-0.09183267503976822,-0.10327010601758957,-45.63300323486328,,,,,,,,,,2025-07-24T15:03:29.358Z,1753349609,0.0,0.0,3.107907295227051
2025-07-24T09:33:29.613+00:00Z,position,1315,19.0805796,72.8766859,5.960000514984131,0.0,44.34100341796875,-1.0,0.0,0.0,0.0,34.959999084472656,1012.5431518554688,-0.09334356337785721,-0.10341949760913849,-45.6334342956543,,,,,,,,,,2025-07-24T15:03:29.613Z,1753349609,0.0,0.0,3.1070806980133057
2025-07-24T09:33:29.875+00:00Z,position,1316,19.0805796,72.8766859,5.960000514984131,0.0,44.34100341796875,-1.0,0.0,0.0,0.0,34.959999084472656,1012.5431518554688,-0.09266678243875504,-0.10132090747356415,-45.63359451293945,,,,,,,,,,2025-07-24T15:03:29.875Z,1753349609,0.0,0.0,3.1066105365753174
2025-07-24T09:33:30.123+00:00Z,position,1317,19.0805796,72.8766859,5.960000514984131,0.0,44.34100341796875,-1.0,0.0,0.0,0.0,34.959999084472656,1012.5151977539062,-0.09313581138849258,-0.10048893094062805,-45.63313293457031,,,,,,,,,,2025-07-24T15:03:30.123Z,1753349610,0.0,0.0,3.10585618019104
2025-07-24T09:33:30.379+00:00Z,position,1318,19.0805796,72.8766859,5.960000514984131,0.0,44.34100341796875,-1.0,0.0,0.0,0.0,34.959999084472656,1012.5151977539062,-0.09395083785057068,-0.10089030861854553,-45.63269805908203,,,,,,,,,,2025-07-24T15:03:30.379Z,1753349610,0.0,0.0,3.1051061153411865
2025-07-24T09:33:30.640+00:00Z,position,1319,19.0805796,72.8766859,5.960000514984131,0.0,44.34100341796875,-1.0,0.0,0.0,0.0,34.959999084472656,1012.5128173828125,-0.09326843917369843,-0.10303372144699097,-45.63302993774414,,,,,,,,,,2025-07-24T15:03:30.640Z,1753349610,0.0,0.0,3.1033034324645996
2025-07-24T09:33:30.860+00:00Z,position,1320,19.0805796,72.8766859,5.960000514984131,0.0,44.34100341796875,-1.0,0.0,0.0,0.0,34.959999084472656,1012.5128173828125,-0.09152616560459137,-0.10100454837083817,-45.63218307495117,,,,,,,,,,2025-07-24T15:03:30.860Z,1753349610,0.0,0.0,3.099138021469116
2025-07-24T09:33:31.117+00:00Z,position,1321,19.0805796,72.8766859,5.960000514984131,0.0,44.34100341796875,-1.0,0.0,0.0,0.0,34.959999084472656,1012.525146484375,-0.09110905975103378,-0.1018558070063591,-45.632781982421875,,,,,,,,,,2025-07-24T15:03:31.117Z,1753349611,0.0,0.0,3.0941781997680664
2025-07-24T09:33:31.358+00:00Z,position,1322,19.0805796,72.8766859,5.960000514984131,0.0,44.34100341796875,-1.0,0.0,0.0,0.0,34.959999084472656,1012.525146484375,-0.08860213309526443,-0.10196895897388458,-45.6328125,,,,,,,,,,2025-07-24T15:03:31.358Z,1753349611,0.0,0.0,3.08927059173584
2025-07-24T09:33:31.604+00:00Z,position,1323,19.0805796,72.8766859,5.960000514984131,0.0,44.34100341796875,-1.0,0.0,0.0,0.0,34.959999084472656,1012.5177001953125,-0.08908388763666153,-0.10227403044700623,-45.632511138916016,,,,,,,,,,2025-07-24T15:03:31.604Z,1753349611,0.0,0.0,3.0832555294036865
2025-07-24T09:33:31.859+00:00Z,position,1324,19.0805796,72.8766859,5.960000514984131,0.0,44.34100341796875,-1.0,0.0,0.0,0.0,34.959999084472656,1012.5177001953125,-0.08665084093809128,-0.1038329005241394,-45.63311004638672,,,,,,,,,,2025-07-24T15:03:31.859Z,1753349611,0.0,0.0,3.0770351886749268
2025-07-24T09:33:32.099+00:00Z,position,1325,19.0805796,72.8766859,5.960000514984131,0.0,44.34100341796875,-1.0,0.0,0.0,0.0,34.959999084472656,1012.5328979492188,-0.08774971961975098,-0.10415416210889816,-45.63232421875,,,,,,,,,,2025-07-24T15:03:32.099Z,1753349612,0.0,0.0,3.0778136253356934
2025-07-24T09:33:32.357+00:00Z,position,1326,19.0805796,72.8766859,5.960000514984131,0.0,44.34100341796875,-1.0,0.0,0.0,0.0,34.959999084472656,1012.5328979492188,-0.08625767379999161,-0.10301968455314636,-45.63286209106445,,,,,,,,,,2025-07-24T15:03:32.357Z,1753349612,0.0,0.0,3.081740617752075
2025-07-24T09:33:32.605+00:00Z,position,1327,19.0805796,72.8766859,5.960000514984131,0.0,44.340003967285156,-1.0,0.0,0.0,0.0,34.959999084472656,1012.5140991210938,-0.08750828355550766,-0.10376878827810287,-45.63176727294922,,,,,,,,,,2025-07-24T15:03:32.605Z,1753349612,0.0,0.0,3.086247444152832
2025-07-24T09:33:32.869+00:00Z,position,1328,19.0805796,72.8766859,5.960000514984131,0.0,44.340003967285156,-1.0,0.0,0.0,0.0,34.959999084472656,1012.5140991210938,-0.08567409217357635,-0.10329551249742508,-45.63269805908203,,,,,,,,,,2025-07-24T15:03:32.869Z,1753349612,0.0,0.0,3.090243101119995
2025-07-24T09:33:33.238+00:00Z,position,1329,19.0805796,72.8766859,5.960000514984131,0.0,44.340003967285156,-1.0,0.0,0.0,0.0,34.959999084472656,1012.514892578125,-0.08593800663948059,-0.10193279385566711,-45.632484436035156,,,,,,,,,,2025-07-24T15:03:33.238Z,1753349613,0.0,0.0,3.094853162765503
2025-07-24T09:33:33.653+00:00Z,position,1330,19.0805796,72.8766859,5.960000514984131,0.0,44.340003967285156,-1.0,0.0,0.0,0.0,34.959999084472656,1012.53076171875,-0.08728650212287903,-0.10182628035545349,-45.63269805908203,,,,,,,,,,2025-07-24T15:03:33.653Z,1753349613,0.0,0.0,3.0985658168792725
2025-07-24T09:33:34.106+00:00Z,position,1331,19.0805796,72.8766859,5.960000514984131,0.0,44.340003967285156,-1.0,0.0,0.0,0.0,34.959999084472656,1012.5349731445312,-0.0876765325665474,-0.10140110552310944,-45.632835388183594,,,,,,,,,,2025-07-24T15:03:34.106Z,1753349614,0.0,0.0,3.099578857421875
2025-07-24T09:33:34.355+00:00Z,position,1332,19.0805796,72.8766859,5.960000514984131,0.0,44.340003967285156,-1.0,0.0,0.0,0.0,34.959999084472656,1012.5349731445312,-0.09019037336111069,-0.10286752879619598,-45.63209533691406,,,,,,,,,,2025-07-24T15:03:34.355Z,1753349614,0.0,0.0,3.1015050411224365
2025-07-24T09:33:34.606+00:00Z,position,1333,19.0805796,72.8766859,5.960000514984131,0.0,44.340003967285156,-1.0,0.0,0.0,0.0,34.959999084472656,1012.5477294921875,-0.08933648467063904,-0.10078493505716324,-45.633052825927734,,,,,,,,,,2025-07-24T15:03:34.606Z,1753349614,0.0,0.0,3.103940010070801
2025-07-24T09:33:34.847+00:00Z,position,1334,19.0805796,72.8766859,5.960000514984131,0.0,44.340003967285156,-1.0,0.0,0.0,0.0,34.959999084472656,1012.5477294921875,-0.09162811934947968,-0.10207299888134003,-45.63204574584961,,,,,,,,,,2025-07-24T15:03:34.847Z,1753349614,0.0,0.0,3.1111607551574707
2025-07-24T09:33:35.093+00:00Z,position,1335,19.0805796,72.8766859,5.960000514984131,0.0,44.340003967285156,-1.0,0.0,0.0,0.0,34.959999084472656,1012.5272216796875,-0.09227602183818817,-0.10005838423967361,-45.63277816772461,,,,,,,,,,2025-07-24T15:03:35.093Z,1753349615,0.0,0.0,3.1269848346710205
2025-07-24T09:33:35.349+00:00Z,position,1336,19.0805796,72.8766859,5.960000514984131,0.0,44.340003967285156,-1.0,0.0,0.0,0.0,34.959999084472656,1012.5272216796875,-0.09492252767086029,-0.10153283923864365,-45.6317138671875,,,,,,,,,,2025-07-24T15:03:35.349Z,1753349615,0.0,0.0,3.1437110900878906
2025-07-24T09:33:35.602+00:00Z,position,1337,19.0805796,72.8766859,5.960000514984131,0.0,44.340003967285156,-1.0,0.0,0.0,0.0,34.959999084472656,1012.5299682617188,-0.09471398591995239,-0.09872830659151077,-45.632076263427734,,,,,,,,,,2025-07-24T15:03:35.602Z,1753349615,0.0,0.0,3.160853147506714
2025-07-24T09:33:35.872+00:00Z,position,1338,19.0805796,72.8766859,5.960000514984131,0.0,44.340003967285156,-1.0,0.0,0.0,0.0,34.959999084472656,1012.5109252929688,-0.09609449654817581,-0.10039283335208893,-45.63185119628906,,,,,,,,,,2025-07-24T15:03:35.872Z,1753349615,0.0,0.0,3.1786577701568604
2025-07-24T09:33:36.117+00:00Z,position,1339,19.0805796,72.8766859,5.960000514984131,0.0,44.340003967285156,-1.0,0.0,0.0,0.0,34.959999084472656,1012.5109252929688,-0.09720087796449661,-0.10289807617664337,-45.631553649902344,,,,,,,,,,2025-07-24T15:03:36.117Z,1753349616,0.0,0.0,3.197812080383301
2025-07-24T09:33:36.366+00:00Z,position,1340,19.0805796,72.8766859,5.960000514984131,0.0,44.3390007019043,-1.0,0.0,0.0,0.0,34.959999084472656,1012.5109252929688,-0.09695743024349213,-0.09935929626226425,-45.63181686401367,,,,,,,,,,2025-07-24T15:03:36.366Z,1753349616,0.0,0.0,3.2014758586883545
2025-07-24T09:33:36.601+00:00Z,position,1341,19.0805796,72.8766859,5.960000514984131,0.0,44.3390007019043,-1.0,0.0,0.0,0.0,34.959999084472656,1012.5109252929688,-0.09701336175203323,-0.1010129451751709,-45.63190841674805,,,,,,,,,,2025-07-24T15:03:36.601Z,1753349616,0.0,0.0,3.1971633434295654
2025-07-24T09:33:36.859+00:00Z,position,1342,19.0805796,72.8766859,5.960000514984131,0.0,44.3390007019043,-1.0,0.0,0.0,0.0,34.959999084472656,1012.5548095703125,-0.09687533974647522,-0.1016889214515686,-45.63174819946289,,,,,,,,,,2025-07-24T15:03:36.859Z,1753349616,0.0,0.0,3.1929283142089844
2025-07-24T09:33:37.101+00:00Z,position,1343,19.0805796,72.8766859,5.960000514984131,0.0,44.3390007019043,-1.0,0.0,0.0,0.0,34.959999084472656,1012.5548095703125,-0.09740810841321945,-0.10169371962547302,-45.63160705566406,,,,,,,,,,2025-07-24T15:03:37.101Z,1753349617,0.0,0.0,3.1887030601501465
2025-07-24T09:33:37.346+00:00Z,position,1344,19.0805796,72.8766859,5.960000514984131,0.0,44.3390007019043,-1.0,0.0,0.0,0.0,34.959999084472656,1012.5501098632812,-0.09594123065471649,-0.10159046947956085,-45.63190841674805,,,,,,,,,,2025-07-24T15:03:37.346Z,1753349617,0.0,0.0,3.184924840927124
2025-07-24T09:33:37.599+00:00Z,position,1345,19.0805796,72.8766859,5.960000514984131,0.0,44.3390007019043,-1.0,0.0,0.0,0.0,34.959999084472656,1012.5501098632812,-0.09599897265434265,-0.1007997989654541,-45.632240295410156,,,,,,,,,,2025-07-24T15:03:37.599Z,1753349617,0.0,0.0,3.180926561355591
2025-07-24T09:33:37.870+00:00Z,position,1346,19.0805796,72.8766859,5.960000514984131,0.0,44.3390007019043,-1.0,0.0,0.0,0.0,34.959999084472656,1012.540283203125,-0.09720530360937119,-0.10042651742696762,-45.63100814819336,,,,,,,,,,2025-07-24T15:03:37.870Z,1753349617,0.0,0.0,3.1926846504211426
